N,P,K,temperature,humidity,ph,rainfall,label
26.346042732656652,35.905428619892575,37.85365893921878,23.559782433524084,44.644342294315614,6.63328181356285,55.51334782285492,pulses
45.15611270945757,21.778785202775204,13.68843306812106,29.298358467246196,53.80954026703359,6.639634104300859,36.94202040905877,millet
86.70258751129069,42.784638842692,46.474846907094744,24.95905962461411,85.50831824044784,5.7859687543837435,219.5166139684693,rice
96.56048173142145,52.67623560803905,23.142588769780563,23.973198396324086,51.19716590393837,5.796477416126265,141.4408873285176,maize
78.58949399206243,53.29519042024073,20.069396289458442,21.110583015775717,74.5890730127859,5.266553552060678,192.86942239379295,rice
25.066739817286965,25.911668221087446,28.85662611325799,20.74085978242033,57.34457306892066,7.098012311353602,75.38024421433839,pulses
73.22831129266012,41.382051293532804,28.440160911041705,25.43283218927031,71.31493244535764,6.543380694571871,103.57175172336605,maize
36.07203580934328,48.83642946734888,38.96993139416265,22.98334417731524,76.76586431168806,6.823647464083274,85.46188211263102,groundnut
76.94209308979873,31.687141640489237,33.171268017656544,24.91674057570744,72.15038996748365,6.600953493085071,144.2243836808414,maize
44.54649047172703,24.031883773785317,17.111359862656947,30.542879872263395,41.03339796950378,5.838062540055822,63.83371911757906,millet
46.125564207136875,31.79389565528407,23.501150551000052,31.961048126433955,49.16576718961391,7.334236160750598,22.718633463141224,millet
86.99186290385248,62.323116054099444,51.774118889776936,26.317260036788728,90.71967263083896,6.37559726349532,253.11952707188235,rice
84.96668342447232,61.162096816512076,19.367617231952572,23.226689724426684,84.95453161396678,5.567362240218423,279.03796192214037,rice
17.770642866671594,32.34777614559883,9.06009713886326,32.530034675774935,37.8913230019443,7.424451857585792,98.12241370874742,millet
51.99196716661793,39.74589872222096,30.697509229142884,21.685262436840453,54.883972872900195,6.7560854637315035,76.5420949284605,wheat
88.38134668721263,60.07510770986559,32.946767068801975,20.250365436410835,75.47034788150549,7.284193840313211,59.300002979437565,wheat
64.02440753343521,31.56421883284399,48.14746305589588,27.4934722443911,42.34437986049681,6.803820914502738,47.98869333939697,cotton
46.94453199080938,13.383993225495221,19.654581425567574,28.712125888357384,43.92936113795973,6.649185721814049,52.064369078109436,millet
37.70023094355331,32.94842179376351,22.76445206071078,36.05342811481768,46.417841162144896,8.123901376796454,52.662818382755766,millet
84.58849968724415,43.04435522813816,24.109815067693315,24.08498023524882,52.20040532732524,6.863962486910011,89.55156342408699,maize
69.87536670588607,32.99915970354111,27.220937331211747,19.713553697321167,61.61951213761003,6.34751861596116,98.01353175234715,maize
113.01663280789272,43.288512048693285,54.26877248000185,24.60199060702508,80.05588319516882,7.06318762102622,173.55604737589925,sugarcane
133.6275670001648,27.59295739002055,55.33999316240825,26.988932923054826,73.31314504630333,6.959930332851313,208.46401875518737,sugarcane
49.417067079047285,34.642851272306,22.791727765960385,28.72703277651198,51.37777110485352,5.723459680106378,143.299089293171,maize
87.64287540046652,48.40791408002106,22.163888702858166,25.250863232231673,79.21904020575437,5.6880636169439915,287.27266477203295,rice
60.380573910778594,37.25381597984494,35.75861487784301,14.31625334792447,42.55707033009449,6.3481294116607305,44.928595089552935,wheat
99.28368072267189,47.293262446563055,58.656517989220234,26.68564003905657,77.52976183124542,6.5248003593932795,188.83572601073374,sugarcane
62.83441435744637,26.727110883762318,41.950778290608376,25.929011262466673,59.81516518885153,6.528484730463129,90.23320827413293,cotton
107.82550679105438,43.587960839062546,37.24207521195164,23.078618780742644,60.18831350752795,6.982707056167589,116.48614028968063,maize
63.99524756045135,32.059236270718515,37.72426318178606,34.365024955197825,63.025646956942005,7.12877488044347,81.52578383436422,cotton
67.4558499628176,26.980654298364954,43.81934629302481,22.61298088343614,64.79488751721861,6.138886823557504,81.66731364790725,maize
45.746783690646694,31.043794404148674,16.571302574430412,30.658319875859796,52.412480553736465,6.319856427020074,50.185181861392095,millet
99.35185259655978,58.68176779726668,70.82840900562384,28.89183708745,73.57465881559233,6.609819932961595,168.75301144869638,sugarcane
130.45559486138657,53.04669499121827,65.75762784061894,22.979374844906854,77.99298006595875,6.803699193765234,171.15348083129513,sugarcane
82.37547944928733,50.45640120209266,23.077257343185327,19.13422461950937,69.9155209831398,6.552495331226859,124.407234575353,maize
60.736565949921946,29.030441971543606,34.29093004155481,26.467368735012556,58.279484679844536,6.934649482650937,28.001960285497553,cotton
105.75580541789499,46.407291102029205,43.019210715717485,23.822873348084833,84.12178168521443,6.1058415188343504,87.00614497406993,maize
93.02344405335091,48.6653140723723,37.13751266444308,26.361896737926088,80.45663472226794,6.57421885018606,146.74375663139506,rice
73.83064965342156,39.45295563150729,39.325376719070555,20.890254075391027,64.32384094790821,6.570057863957959,38.56197979634238,maize
107.51812490671321,51.1810346500646,23.123636750144403,27.53667513511554,81.85291771379558,6.778371339335381,176.4094918826997,sugarcane
27.030883682134196,56.75656556609208,26.549881821273516,21.06953687275061,49.580433868035996,6.840365187924041,62.22355710687031,pulses
69.28243254098165,45.114512916706545,37.00735296114743,21.95479628281355,92.24377825431644,6.914067360828852,265.44194734221713,rice
28.15192580831831,46.789793266609635,26.75007444360663,17.19143191922153,51.067304652566584,6.318769853908009,54.589832752492185,pulses
83.28516747992879,41.07105030009472,36.7836699477096,28.133208708824235,64.98199804396674,6.626126428868653,88.94699161199652,maize
41.55524896691836,50.255854046341554,33.30373077420887,22.718458576107686,61.3842877978432,6.949963084587187,71.93852277987712,groundnut
71.6880426288676,28.40160714233035,26.46471986336248,23.45010733071822,59.84633399690841,6.53548131128606,96.61791864623498,maize
96.4322386293803,37.199313731191246,44.53221596912084,21.356284657691848,66.7395233224261,6.285670101333618,106.99106997669774,maize
71.29728722557095,66.28469732435164,31.786133207756137,27.515467611209036,77.48536410956487,6.572629205149698,235.39803864423453,rice
61.593663141006346,53.638280136981884,36.71474776877106,24.816026962513458,76.73550744648026,6.066217531057649,272.00178378795835,rice
64.07918391540785,51.414194733405445,16.397029001005706,18.71047835036408,75.22325969819335,6.3186246806525626,96.49519642013773,wheat
68.24135031819209,49.46759201360922,42.23744806650229,31.848845260691178,79.06072582657892,6.23792997730257,155.54786548681412,sugarcane
16.32823031061322,49.79339325423991,30.253042194846905,21.759152442947876,60.22213090873328,6.128866546834674,94.59265367656795,pulses
92.04040989431161,62.72991825979389,35.11948932640633,28.42023924432527,66.46331784102964,6.270712670406471,121.43814170242926,maize
42.16467127898538,29.98454255561321,30.65463335155109,18.043583645812706,65.5208353981121,6.68923487921099,80.39385217798575,wheat
30.15858438877648,34.915247849601144,32.352159666359476,23.34304732946179,53.01705987448822,6.8886339231383555,48.19392588047777,pulses
49.249169455639574,45.167028186484664,12.244205931015578,28.409811692823695,66.35579096954608,6.699869607948796,82.93666585456846,maize
33.10481952709365,50.82911772858049,37.337946413361,22.08730320322027,69.23164842840009,5.830956560609352,75.99574380755001,groundnut
32.678128094027,42.184284569403935,23.258266382700086,23.227413673877756,42.6701199913702,7.207578056573251,65.0095437355958,pulses
22.362250422444603,51.66111188488538,38.59477756688115,21.636068381425687,53.14600925881948,6.239582473032365,72.13404105955709,groundnut
76.22217326609483,45.886401517374026,29.296748101046283,21.091804266784138,57.345306296962825,6.878823478412441,105.30735562570104,maize
94.50132311541024,46.04993375678873,39.977691369139606,32.43794774471617,51.32619116871876,6.004649367649156,91.51474747476429,maize
65.10000204607996,36.018903402011496,22.65099837982335,19.959734649843682,57.786399279314296,6.261564440137533,90.21264066807883,wheat
71.31382431336505,61.250439217080256,34.89267370460153,11.218755727986442,58.473916317323614,6.434880401346957,142.399968755636,wheat
95.29336660329487,38.7241246356308,33.633847168977645,26.623394832413595,85.81463241168468,6.379239745574481,152.57610730460766,rice
60.85630650027691,51.48627095302831,37.9296767822715,19.252415876226042,49.4360881267437,6.841874292054225,69.99470758495374,wheat
29.237215701125212,53.088937902200904,21.1586409185736,31.169269684317527,56.236203339309455,6.5822321749346315,109.15573389422805,groundnut
83.2441188713807,36.36654735260618,38.52471319759647,24.542432402642923,83.91696932176748,6.599929698764118,177.65855672086363,rice
88.8473796766531,44.352539571710636,46.61369060687219,21.464038605067294,71.87236846542189,6.38310023904565,62.86706772288147,maize
78.50463233843755,35.687992520041725,21.65822957789695,27.718043701646135,76.91603306486644,7.146546493994015,53.78222112382823,cotton
43.94944020996076,46.227763078140036,41.591034205549825,28.32146521851797,44.76596822259787,7.010480807249558,56.97251419864896,cotton
89.76998041621071,32.1574149108482,28.999644673120926,22.16970340182866,83.3973125569187,6.264107692035353,156.35696455089678,maize
75.73162021314758,48.358412569330234,10.694056241472243,26.14865720915515,63.75793587392608,5.510614637037833,238.07074403763937,rice
24.422941010343234,32.57185966203755,39.01920848418413,26.386473388767516,49.749287138756515,6.20992629706754,54.44838782157847,pulses
99.2510523382057,40.423005690431744,41.07880444343033,28.92865205458158,73.98870229470538,5.699341114357544,155.94888251524586,rice
82.44065888743933,34.914639580568924,47.068496408990505,26.98799791115645,83.92518968828051,6.422613377100506,231.85672003234637,rice
120.39657901494418,36.46756308172392,26.63077613874276,24.355992509171987,72.89797882386728,6.07331478987594,91.07115208603608,maize
94.04211292481611,58.24199619795863,36.3576523611425,16.68283826968519,56.84341718504485,5.648320844319993,96.44101052302902,wheat
74.33868759633997,49.59385771716612,47.0195362622127,25.414724296176047,85.80066542687926,6.291684549646027,241.20258822405867,rice
30.11514082960296,49.758170937449975,38.11696005749608,25.56928206008551,49.93580033757688,6.906373450622728,97.66703275517584,groundnut
21.814578959030996,29.17226288716389,9.151023718437562,31.28030676665251,43.34582269158485,6.964891161230922,36.324705855076445,millet
31.351486322406267,48.81662072744169,35.87957465818313,19.138648530296674,49.026044343112694,6.684406892708989,60.61250095516492,pulses
84.38223803820033,48.29611576643889,17.922450660185152,19.851844741476775,64.44288182806861,6.623756628062778,114.5369937327029,wheat
45.73304853178524,33.200075072309694,29.746987075740535,30.61009357408713,49.59483426623388,6.823224838914982,57.92028019541784,millet
64.99621353292224,50.112218145475346,43.91264659933235,19.639877465895765,81.38657681252437,6.598280554359969,262.36894955585285,rice
65.78154916864521,33.895623397747734,41.813269094231956,27.49124088250813,43.93809463761099,6.764829036232041,75.92066154085235,cotton
31.867740529956578,46.98520599256976,33.833242988337545,24.385489350354785,58.150600772648374,6.459183386169917,76.18560244383794,groundnut
26.38293786057913,39.188243163769044,18.972231101670154,20.596720122993684,44.009936099042704,6.390762601937968,82.46105462373686,pulses
55.655692308422765,63.24955679381631,34.644510658365164,21.87169128696352,63.287860615207,6.813023530286063,67.47757511738563,wheat
49.41314083477205,63.50487203201909,41.6958603981729,26.754459593053454,59.097897031741,5.899504485762003,78.1985560838279,groundnut
100.0040515613227,52.59611347903214,85.10002907274585,28.00874473905711,63.7316762234952,6.730519577372624,181.32579980713595,sugarcane
73.47323241613559,49.40792480550989,49.48142144626706,26.870215830929546,74.94191093310815,6.628978207468192,58.57728171280525,cotton
59.372533160313246,39.924682302890304,30.47242453237853,26.653367139158846,67.07896546496252,6.36988464791145,87.39522374329913,cotton
75.20811788140128,52.51854415295005,23.761667619117382,21.368034763691217,59.24644339719333,6.055627561913711,119.71960285884686,wheat
80.92935260602412,39.80098329093415,24.75405230054149,26.07318769760063,76.48782499841421,6.11424784312182,124.55594694433121,maize
42.979076669650944,60.190707129218126,54.08704912025843,27.566982628563792,73.7170841590647,6.760431536095063,43.884997484634745,groundnut
116.60738928164943,52.93076653266917,63.183812160935794,24.770638777336647,77.27382950532015,6.744400441452576,205.06685088994365,sugarcane
53.27028982272535,31.20735621306911,29.125071762686986,25.727164826373258,41.33280085637322,7.052721879684771,125.99394443674619,cotton
35.277648537136976,49.76553357519846,37.2285099825192,31.13426839679747,49.96612379095836,6.023152471259691,112.21801872828753,groundnut
53.45020898381694,40.056648915048804,40.2835405323875,19.493768802808138,60.818053277179324,6.050817180357148,109.17168233322651,wheat
62.69241037328707,44.41588756141318,40.839810033144545,22.91948150628316,86.15515928833987,5.663129933451637,203.72225004909765,rice
47.84201701491125,28.4030194303631,18.87804201680666,26.557250001477577,51.83485156699199,6.596009129466298,92.1535467896752,cotton
85.56043767239224,29.692847427432937,42.294817154636064,27.20674927728512,83.87193225853132,6.452792593504558,163.82923607637002,rice
101.6903680062331,65.85261214185287,50.87264456387423,27.00644724128306,70.17590245663247,7.2508924566654285,177.0833580551185,sugarcane
72.16500626402346,50.484279208298,41.87973587486105,20.655618221754857,81.66009872007797,6.304814324829753,184.01220854048984,rice
18.66466017573682,24.599267927027135,32.499265754354205,33.97838721011005,30.223283312637577,6.7432870836582035,31.97720801121918,millet
85.65256279635457,70.5976589933974,57.7350155776275,33.346889490187515,86.36111705766037,5.90368142746149,156.6916661484248,sugarcane
18.02520348804834,40.49135010316859,24.57076434008488,21.308669063013586,58.25130450352564,7.291212717730786,52.38573300345905,pulses
41.4567769252397,62.34223499026136,49.174814041200364,23.478128878507565,66.6050832102309,7.138575940364577,74.82614041516285,groundnut
18.063075282747327,50.651143613458686,43.120248965591244,26.231803711150064,49.74768974321786,6.2463725442306695,40.4828808214798,pulses
32.933437141831064,53.7392446363009,34.73851112966025,26.193406778308017,63.02519422206251,6.3054934219876,70.93610532062529,groundnut
89.30336677438908,20.86220265171074,38.30631943187055,22.36865158694183,76.2905358870137,6.26486572855852,116.1412005806159,maize
46.06982416523468,25.14318652713749,18.21255011428814,29.909929656574587,52.15054682846067,6.568573888931647,48.10644489090103,millet
79.53918703498753,51.803639430263985,29.75156050687226,21.67887886694685,72.63348402385306,6.697822662129141,114.34158778360225,wheat
30.617890973225016,53.07473430476742,39.27228084166937,23.50790679019468,41.815317975735525,6.175628399648385,87.1965133257378,groundnut
66.17236662288934,54.07129803208276,66.22923597548186,26.401104525967103,71.11258274885995,6.635574216355714,128.7413671090244,sugarcane
26.67008610950309,55.72777569941549,49.464843268384556,29.394071456759953,54.63793681839812,6.622027888028539,88.42358167328452,groundnut
82.2990603175048,48.360464999730034,30.352318491748136,11.172790788834742,65.1279257551598,6.454732636108441,64.68290371529595,wheat
53.73023234648135,42.05400544874945,45.428520542464696,20.520660488082594,71.89918631748691,6.391330246525083,61.193778968080814,wheat
89.29007354147981,42.172660884027046,74.35798173823548,29.65256321613836,81.60930001406352,6.970257848557637,110.7952446121423,sugarcane
57.61123576534183,73.09844422090077,37.614747763104184,15.803143855793772,67.32744241823679,6.456341939375466,83.67796384205421,wheat
67.01350838344825,57.76235515926111,41.25204925209917,28.212984146274845,51.4303578852219,6.604792039375226,100.88898956237345,cotton
32.97940769607038,56.02689770954466,35.97597989824996,26.83946079505737,78.51610654634206,6.351360563861383,71.29188745145221,groundnut
44.717771795982244,48.99617571083649,46.13870958176459,26.125563427347434,69.93253213159014,6.916356581055764,83.93958609185201,groundnut
6.901712520878732,41.86197105491079,32.02963334296327,24.39586962619502,57.698845690674915,6.615896899290629,62.01819537276531,pulses
91.32425244864744,39.059848259148445,24.694609994905882,22.01326554202622,55.31681017773769,6.69153653649488,112.35853008595363,maize
28.398447296029634,47.51676001624915,21.618119305348944,24.557508315279325,38.69189432193845,6.951236731266064,55.87055042364474,pulses
61.29491023231697,44.46661515278903,39.131846144825744,27.60810241960844,61.587160135527206,6.765977778075251,137.83227198653614,maize
71.88779233182358,36.37682040524457,44.78875538520462,20.393073790221642,83.9484585266,6.241021273490507,214.1023004032733,rice
92.06442253648541,47.76710277946015,40.848514084725394,28.785858181014117,81.99772369507886,6.803350130007178,149.53692139981214,sugarcane
121.4250745939587,48.64846392967584,68.95701863559553,24.743913832615323,77.01093371052141,6.253259056030657,223.25994689671876,sugarcane
66.19255929697071,35.33814017530458,26.250103506266633,21.08071723896186,44.62796375561089,6.951596440384807,88.62244752394277,wheat
25.791743807975433,49.21493268559922,31.822584453103147,24.62406751875794,51.631995688885716,7.037113529802546,35.7102594820923,pulses
89.98798469646461,31.905462709026725,35.41987873673115,21.768417218713097,60.827690841708936,5.9224185901111985,149.03475045956094,maize
60.03076142073597,51.45938294144774,34.86369688530029,18.849205764029968,68.67612128743973,5.79391187387886,114.34547679293273,wheat
44.17395684359757,55.645679743873906,59.95218253105526,24.904706071967738,73.78316683824384,6.337283283721698,106.72097194517401,groundnut
84.5915410496851,42.49302063495839,70.12726885069867,25.91216714868925,75.31280152934124,7.3818770061644985,192.33618740160497,sugarcane
116.28414104461088,36.923331016150605,69.56332428033858,24.896877528036587,87.60942826737255,6.899820215570458,144.718324519409,sugarcane
62.5663438108153,36.42072893538874,50.39304552942874,25.248853160617717,55.51954470040594,6.968129131910452,86.51341906607318,cotton
59.39076945292065,31.4689415010724,46.51540795765266,29.650761229101096,71.49439322185287,7.175768168719272,89.51979899631682,cotton
28.01952712734748,54.5228298182957,23.155685774328127,24.367034623181752,56.01909573500459,6.313829378605817,66.7655280362371,groundnut
20.50062981171798,42.70322553443546,33.19339611758949,22.641524268680012,35.08501441795691,6.401551774040605,37.65081165395146,pulses
107.12224484294637,43.07985050767786,68.66728976613602,25.858701717053965,76.299940957755,6.844400783930103,122.98508522288951,sugarcane
96.25222394848501,48.71975499719007,24.444278064597178,19.14912179950516,60.731843794536964,6.655650927010803,93.73988289422087,maize
79.83645404474903,54.0613725470544,67.07820295578327,34.40758811007845,74.26898405637357,6.492882170529927,159.84845164466245,sugarcane
54.25516980691941,29.501206749677916,21.84265017549453,29.80310795434024,40.007668480966316,6.937895774982176,63.46042188530036,millet
58.992220840540135,46.09594183927071,47.28460681732321,29.897128577697394,57.256703126679035,6.8988026829936695,55.28496019499361,cotton
113.25118261135886,42.23248846393679,73.12241505859521,25.798113240689965,71.73989889829612,6.429479364794479,88.15416278745042,sugarcane
108.50455989375585,43.053406466211406,90.24850430589564,29.657056960958197,85.82598079596286,6.918097204829503,244.85027412285004,sugarcane
52.14322971732497,44.63606041284925,45.79215047804139,23.74897326069104,73.84656945278522,6.788423307074094,77.68667918626817,cotton
57.168366711134944,37.424815079602645,46.246972776513466,27.234507474935636,42.70982148764604,6.209116814615587,58.32226121815562,cotton
20.66195474366078,35.74297081124868,37.83771231911582,26.363013220748908,49.1521456000897,6.1415603214772485,41.480073821787464,pulses
81.77276251343307,31.866095876533237,25.683718544630878,23.469422419281614,65.72640018888038,6.541916633020227,142.42568614852613,maize
116.13558437239591,73.1183112564283,48.635246074872576,23.93373826206991,72.73346360682854,7.242479664006596,216.48243609603895,sugarcane
75.51647146017984,59.88553242465315,35.3220520160037,14.14081999474891,49.117933069685385,5.929145439125503,45.80944717651548,wheat
32.55367627478615,66.5268287748157,52.57115997560616,21.649461889369213,69.2893373931942,5.931421925589492,57.17569508878355,groundnut
93.57788773955065,27.70492602640402,32.85702941017057,27.274750858132418,68.89454837719427,6.355644695904637,107.12349192302088,maize
123.58776155454595,32.49998263751488,25.940795388796598,23.08164285462014,61.0782227996898,5.943991700094559,27.119734829787706,maize
44.70772734862717,57.69236208037128,44.77382932974074,19.93367523595194,52.96286058105995,6.769517757467103,111.51324269903614,wheat
19.14683092591155,50.71941707280322,26.223932336613622,14.749554523984555,55.19004238307092,6.285495484772492,73.40844580229457,pulses
125.5597766091908,43.94237649442031,24.244147632171618,21.917208713255793,57.458560683749276,6.674627742342715,99.06868121320275,maize
31.295610093314863,38.606849335772225,30.720965600274262,24.335638130741057,46.798137520753144,7.035883974623987,67.68125374236229,pulses
28.846958258049163,65.10524020326713,36.64172497986547,22.715910838907387,57.65487724744446,6.44720390125165,40.545915516123294,groundnut
24.062296869584014,72.90722738681171,38.864872011430855,25.757340638914606,55.2598332104049,6.2046353375737855,110.88116096001048,groundnut
82.29415210512028,42.16820138284832,25.904619348716523,11.531930872350056,57.868691727398584,6.267362426287358,51.22451469129863,wheat
85.69895928255892,45.065317908461246,40.27587371401517,16.809258476286626,60.909985227889145,6.79473461236802,78.4361070918855,wheat
32.05052064125868,14.596465580622027,29.195767354358768,34.11320217230599,49.805961303078064,6.451955596112111,77.1690152233868,millet
71.43350211156219,31.831697889417583,48.35807896314337,26.048051867681288,93.91301141342036,6.368075439489975,235.5081256504806,rice
35.028987135619914,21.246972088625437,27.2787395027928,32.98165381043377,46.669327191711865,7.2805752749031605,45.671708296154,millet
26.316255603413797,21.739298036179456,26.884266090798857,25.993629448920384,27.73954260558436,6.916157735593788,70.56116761212466,millet
96.04877728931292,43.454943207500996,33.04057388329297,24.3284235493585,83.21248395635611,6.270629343381485,176.62447711066534,rice
48.81973211494446,18.639076614410396,24.774326485283297,32.67712012353436,47.51973829721431,7.465712185251365,52.82111051448556,millet
39.118273895699275,43.16278672234718,26.830130488240158,31.97822840250596,52.86058656233251,6.345058805232191,72.04409188348855,groundnut
108.7424417016,30.765202200666963,21.64844742825086,23.88270323635034,64.2784606929809,5.938997397422683,100.850803438607,maize
68.85657055583279,45.32023686675708,29.965244125323963,19.403459348728973,61.5608317851431,6.75176160244088,93.2968453280288,wheat
75.5465498681275,31.28781883939013,49.89854049115904,19.807957338919497,58.54000125879791,6.730218603999958,54.75451427630474,wheat
63.230832579379005,32.471001024252104,33.98378170425738,29.997499293420148,55.10011007537224,7.15534300993386,85.80151098944462,cotton
65.05420745851639,31.923031402250672,33.62748391826921,13.321850294083173,67.73839388674217,7.106717062855699,70.07722526758275,wheat
25.707016453105787,49.667745013054514,43.61767541571118,22.939948909907223,58.923221304775566,6.36801088920809,34.8509663304436,pulses
88.5658416377888,47.416445216767514,33.86023198607103,29.353536547063193,79.79673789215128,6.212843069588374,230.75653790714404,rice
43.40571675667926,27.414192090518934,20.074166791431555,25.37678101049582,40.040370688857195,6.6963466638407585,43.95057030619062,millet
89.84514478581754,62.19963294777054,54.262020905806146,26.853469242797967,89.48271624041054,6.489064716482532,223.35974596357107,sugarcane
30.52905709888021,21.893199983812178,19.664378035637462,35.307249977310356,49.287942439401796,6.4439607449051035,39.08029271953827,millet
97.59506911644783,50.90742563752173,49.28254715379782,19.07195826813188,67.70368458599559,6.21015557939291,68.6560194353147,wheat
38.68179738565031,44.832404251614726,35.2809044744176,32.48582534356551,55.97390712272952,6.10393035828231,103.05165157802784,groundnut
46.26701125159446,47.38438098933598,35.45197353594586,14.141609889873628,59.72420107972294,6.5215010251962005,36.099799848515524,wheat
22.336356642222107,71.09631057031633,35.52423405480878,24.658971620264435,48.223964904321655,5.96485918501323,88.07044694907844,groundnut
60.1839421557132,31.008499600304432,53.893462537723494,30.924255445259746,65.48031754293561,7.149736971378554,91.62749587874293,cotton
39.72274918869616,16.439839472213325,16.50587840323056,29.16122653944742,44.90967322431336,7.139866257761256,71.5861262522933,millet
61.78250750890133,37.34639891685745,26.299828928457398,18.078951970774195,73.48261763823756,6.1918413776786565,132.18893614959686,maize
58.45966683424133,38.23636154468925,42.336029248074915,26.05282074087616,67.84386706235172,7.219581146544577,54.78270509903646,cotton
55.13735064319685,27.798956900497043,23.434370648176113,32.65019870679728,51.16828973407844,6.693445023601643,54.08828934457201,millet
96.98215354757875,70.37127896959814,38.85599715595665,26.295969552233217,85.27049344317695,6.0136434019865845,157.46884011568125,sugarcane
64.69176411994493,33.66712785996519,30.805477139983886,26.491482232161292,82.71212868035282,6.476194141627108,202.90989414653862,rice
41.37624909424375,28.173613281747393,15.847483060229782,29.267631684742142,44.83924361299363,6.107891830564074,32.58034692916106,millet
55.15269238451006,39.36635007879962,55.97327507202867,30.223845300955066,62.273276817711015,6.339362586636818,92.27319413482597,cotton
84.98509326892608,39.134321404094095,37.691207509518975,15.252529568110686,54.624703810562586,7.090957453668014,76.43605449720438,wheat
88.99320679673289,42.15115933617425,41.97790081941852,28.267652490132377,88.63843066133846,6.172344826109544,274.1434355827759,rice
39.97806998616165,46.955021804575885,32.11697596744095,29.565049761816045,60.83696928620018,6.306028228700692,92.82865969467433,groundnut
25.650920912085024,52.113851212305065,51.55400317121904,20.398819457315106,62.48366219967044,6.612870463938062,119.38451633644326,groundnut
55.691256034690795,44.16884927697309,26.86220527118687,20.598675602575586,65.8594224781027,5.812335546449582,79.91019703701664,wheat
24.401590594775747,23.006427062277556,20.044309844781953,30.50624278568457,48.03101529616139,7.022120871615287,46.03484454101494,millet
35.07145498488559,58.830131504516835,33.46521678099636,32.21119582673187,53.3630402585902,7.022406530779992,76.22262301391046,groundnut
128.35688489911678,57.42604959235292,60.529666759987116,26.837774471886274,81.34437934316173,6.553730863008219,186.63741746578359,sugarcane
25.144422223326387,61.23676326479114,36.01446061252504,22.73829403523494,55.685320093976124,6.2137007966378555,73.49681193992491,groundnut
38.8887054983592,30.090438693777028,23.324968910493038,27.75395307441397,46.0935936266177,7.645220807050262,37.52951451804042,millet
66.8692021239898,58.39922605132798,36.89564310975397,17.685125531999482,70.91080259946152,6.40533647013924,45.481547310913236,wheat
40.59984974391869,33.55324823422611,24.8725772761076,27.037446660453917,50.42722300237307,7.2201511838328685,37.908987905726526,millet
108.42492711704104,61.26764808261035,51.451141519774076,28.759747012000446,79.17491032728877,5.91538424992671,246.51890894019385,sugarcane
99.01256816989115,44.36125323447541,51.87242469519562,28.286243362360636,84.4648712563181,6.462697695265253,207.3238381474022,sugarcane
18.304396848451766,62.20175371538183,28.680054493719737,24.790792978469288,47.32277713854716,6.558094531057807,56.802014071946296,pulses
17.869725763253967,62.964555402713515,43.427691809922074,27.89809875639953,60.203831886196085,6.666180656706544,85.99784070344975,pulses
46.79092738108351,24.03774018432842,11.540279059913331,31.365608173911426,46.735694588916196,6.786161185407087,49.43820372525051,millet
85.61770030523766,51.42589222790115,30.160298326930494,20.40264862156431,69.35101603289745,6.10600411029531,166.63771914588398,maize
49.862429514150875,19.26470447183245,20.44546180815214,27.426659994024458,40.62841553961607,7.6430753229302475,51.55185747340546,millet
33.12571438138108,51.817935278674156,27.532661762264986,27.9496339204777,63.435219397812816,6.821616638465469,71.33089340444269,groundnut
61.69679564590468,48.31348246599547,43.34994718176395,19.18013061076229,48.82430353799095,6.762247224468553,62.884734439094046,wheat
104.67114021176013,53.67053526680888,76.29820976525974,30.46902389069707,82.59205521681771,6.031309061185015,155.65123081691607,sugarcane
70.45027878807518,49.09129070374037,34.753339887326526,17.356874670884658,48.4641701148799,6.293395703135666,112.86560134967117,wheat
96.4446419044035,57.150058109935735,49.79970998745245,23.08205288163718,77.57132758171437,6.6126262669159654,167.80654771281874,sugarcane
44.051247359844,26.61727824904144,34.593991451584955,23.51001856983136,65.82075127805237,7.768979160433398,60.48501761374765,cotton
24.866360328193206,47.54014542802319,27.629735312818376,17.99878126243001,48.88312081227376,6.833897962757117,77.17205803524669,pulses
23.812864714479986,60.181848827845016,56.56866079373292,26.089252233976584,55.88796406185763,5.932899232960632,101.64686108870495,groundnut
32.901739031871514,60.06605909679456,38.55639978298267,31.040921317935005,58.627760625416094,6.2377429469948655,70.80769827852149,groundnut
34.709231010664766,64.94073170005896,31.590592421863278,24.876554331542547,46.94694940851938,6.7765527801961385,78.15283586324242,groundnut
62.76736764363733,39.07104758901251,23.423963388679873,23.16707982598695,62.18290014420619,6.651875032245593,82.27444087009376,wheat
58.72746691014712,33.628401348097654,32.092534630843815,27.20922954952527,65.69103566301459,6.894935241517539,43.078773443100246,cotton
52.83527996828283,16.464396107301898,10.286808240318859,27.51433753969919,47.29848482060794,7.210377410320379,56.561726522922996,millet
66.12382807681601,42.0622107984787,29.27866978573141,27.143189447891977,91.98648265373997,5.729354112228279,186.50146383659228,rice
48.6761603280871,53.2401252418998,28.918479291048754,19.73220773255775,60.37245978662289,6.804741909616985,119.38766441271949,wheat
69.42084240141388,61.21784150984588,59.026714121407664,25.545598801493288,74.63803660302139,6.743383830546707,148.71852815969348,sugarcane
61.71238790049919,42.60754384141167,29.731172480350864,22.525377521528505,65.67729024586211,7.406974356812904,135.03576642107174,maize
99.05931328579115,38.77792554705282,60.602981705240786,24.323705652315702,75.61491777514885,6.227967832397931,176.95019198724927,rice
32.328921392051576,45.876818754463784,42.69235379420784,29.682353890425965,66.31315065187344,6.345954787637349,97.51481927521897,groundnut
86.2437617168454,56.0552520522431,56.851462431478,26.491972478935903,85.63343317063259,6.300524450652017,183.19528202614092,sugarcane
31.304055981165913,55.49975974706596,31.402450386465866,26.742670954066384,58.35350267967669,6.183938578371011,78.89944067219407,groundnut
81.4057426684803,43.65487345038505,42.52623624962604,25.525978629054297,50.81268368952256,6.481598252578784,146.98591229927027,maize
32.293343436243646,18.4966222623661,12.007125465850127,32.38637962461121,47.320400733310045,6.939748031545725,11.109252268965971,millet
45.22857034887573,33.63013804726139,28.404031616735953,24.833698657132885,61.713610841218106,6.780037843565315,63.617885188940505,cotton
22.99720368812781,51.70551284340294,22.394368387627757,20.728056063578535,30.89886233207287,5.826261327068831,97.36746337961323,pulses
36.13473155762154,22.37922663935302,31.990795248475585,33.005127660044515,52.55457881694611,6.7678171532433,45.70529889819779,millet
91.07473478387016,62.34386246197682,27.836824463236464,25.258394678559746,75.06223160695555,6.756101312377712,110.35149253158096,maize
130.89296843495237,29.139264173875212,19.94094020014904,25.530416146840324,77.23450783173837,6.325835862777288,127.16727260561824,maize
74.61722950365974,49.523339506431384,24.342409278194857,26.912412707953365,79.30614341191128,6.659125064293425,124.22958780398113,rice
56.44381486894895,19.634367975078668,32.310876535633746,25.652275558046053,38.5007907315477,5.7985753087451855,55.43187463914046,millet
76.93001514391013,37.57807906002563,49.24357757187434,25.103835622555767,80.58602125426215,6.15752722775097,228.92488073624665,rice
52.512503760190825,33.23475141406974,48.011131671006936,30.948748619385285,33.99882652722558,6.467295530294876,73.18192484378011,cotton
91.5865136373426,61.09424189192057,49.405613825428794,25.24942986362688,87.81855127405,6.9474327750935645,167.46967429381422,sugarcane
39.86945930331031,56.67651464726702,49.91337649670423,25.727311579753582,58.26597213075729,7.088630766918766,112.43848255910463,groundnut
83.94394402738978,48.61921853928844,53.20661655528167,23.97164154740686,74.61571091577134,6.626888966628793,206.74047311610983,rice
83.97248185995434,41.97380240529554,35.17209841275355,27.611666828259178,89.39637255337115,6.9177480218401435,272.59231486023623,rice
78.82694118135723,66.74431682395296,64.21884939554951,25.742278029980188,72.39635728412242,6.395823660437088,138.32996823603415,sugarcane
84.16472421025009,40.053228604517,39.12167583149389,27.6222750849336,62.36632481312794,6.214418742455675,129.92876906166907,maize
91.11592554427058,36.79459621662452,36.2998616350842,23.863325619736376,61.103091513478574,6.17524347509784,170.61919096327495,maize
87.40177039627736,35.002877713306184,29.584123673787282,28.31403764620759,79.93831563897635,5.63326316296125,237.7525083753242,rice
53.715042562852815,23.619182841330176,18.97039640974958,32.56487925949406,34.38921065560524,6.789558396724571,43.16412483739234,millet
47.31881189224196,48.938130523658664,48.40980778980741,31.32709409709714,51.19245420950743,6.322714791696723,87.77250548288902,groundnut
78.7565880854045,34.12901699201758,35.201029689728266,17.340192614200994,62.73206948429442,6.494824492758565,53.660018001709226,wheat
42.25056955421273,46.16873255395795,54.68245592371294,35.25341660834934,43.883813182255,7.383268322991643,71.40271036732254,cotton
86.95015683953207,60.24098839841025,37.319083807347205,18.47169853030858,58.32774195178064,6.771409580560011,80.73054576344846,wheat
28.273982336463874,43.998975774042094,22.719619953544793,28.274164085940388,41.44092869134994,6.964308882566374,68.60090952315083,pulses
52.86952918308686,43.41483888422016,29.843080784865283,24.257116602568622,60.67729492510301,7.468448491425299,79.86863976367391,cotton
74.45867560268194,32.2591411501795,26.47593711321605,27.96751299456937,70.29558071544413,6.306451766110402,96.16921158257486,maize
25.29571531841034,60.565591280933226,33.43991037888398,29.29444475656324,47.65651956798742,6.4508965795893,103.00447516994907,groundnut
145.35672178933586,42.841425562187666,61.20171494952092,22.513019247373897,78.69881049030853,6.226709779724265,164.5134470002496,sugarcane
88.19497024791187,24.392626143413786,54.6464926997654,28.674655726642612,78.90910183048787,6.710189044387113,226.23185009344553,sugarcane
37.930188908900504,17.73535853484935,25.65773453665798,26.40147351732673,43.57318852391278,6.879937971098336,60.733070775559995,millet
49.736015458848065,31.078893214084964,32.88090280018723,24.163870096669385,58.21399135455797,6.350728807164815,76.39108013446723,cotton
50.35261556988658,29.84940788821998,51.34710642090004,27.493212531025787,56.57115684008151,6.310278635983095,60.767155941581095,cotton
26.775925616827934,62.2166195980949,48.669846244858995,23.127821821776823,58.19261925187129,5.8473683305883695,76.37560347389041,groundnut
63.42003457421021,29.820324572163848,61.4430171023369,25.37030552745041,52.3005619671506,6.842979481078927,48.15635345826084,cotton
70.17177347620205,28.867836424169038,48.497718177150595,27.786051798622196,46.5777354951067,6.556358742470671,97.65744478081469,cotton
44.033660148275665,24.821013514332712,16.611179893385444,30.88850875388622,52.931488746540104,6.48651707822653,49.92757441585085,millet
79.03504178582233,40.375273963189144,63.99771038490132,20.525251011756218,77.7770352903967,6.191894683152631,183.54574693036423,sugarcane
50.52189302995425,32.195022812063236,27.23324338688172,26.889018286023845,48.861083995646204,6.596235479522292,25.264005029612022,millet
69.16241457085435,36.66525681265799,23.225501189406515,19.695460136429308,39.18489347958649,6.582164210784504,78.04792355615439,wheat
105.11801970716714,60.73354902475243,43.85846552556501,22.710828370915696,76.43794264008291,6.676457181235547,230.50996900588555,rice
90.99083050827215,31.73607282260436,40.30631492594417,23.547491699999263,80.3616345281902,6.6011031301218415,241.52461748015705,rice
55.01128035186337,54.102120156795515,31.273854681135376,25.123819650079295,46.098283238902944,6.5814532714839205,61.80117441235828,wheat
66.84920725466449,63.3102467155807,36.55558058094318,22.997637799859074,74.99218157498797,6.575076874047113,168.98382414126772,maize
85.73035204720155,33.375712198600695,32.878979581210615,29.111622965842397,79.57984934213663,7.097168124961194,219.92320587294614,rice
21.93452402939995,43.20814269003383,15.472932855664862,22.094260356749253,50.72871973428022,6.535980153054465,96.61138522553252,pulses
46.64498838031865,24.05020495930165,15.604975668056305,28.797004563592846,35.42356515661411,7.894679779290806,48.55427279662269,millet
71.8288454671527,57.2254133867403,38.45470517931198,23.715016533510678,80.23933224755885,6.412923674221339,234.61776257456313,rice
24.87702201832993,28.045970613332305,25.792052673456652,37.58506942562685,41.870419973434714,6.630644051725467,33.35868454341138,millet
98.19872132396884,63.79832329754388,74.51424842931463,28.432231720308266,88.31465442013757,6.445421695109433,236.80407070202833,sugarcane
43.500268130479334,43.77376811411685,34.57784239416944,27.14280484054571,67.36397674741404,7.066643563325969,80.82732327361745,groundnut
92.84318646972878,57.60945525881117,55.76284402298633,29.403535116845188,78.89236905552164,7.115226428104873,169.66741525077686,sugarcane
37.3768714989503,24.027192960136492,20.81255591147318,35.154299988719465,43.08228977175359,6.92630603795569,37.01933509390237,millet
35.738114615717805,25.09903105720186,28.501666494743883,32.422461702068844,51.366975904177544,7.854395179228484,39.44180988425303,millet
17.718383331165146,47.407834195505274,30.949782223307494,25.88136523241501,48.93494502610455,7.016452386879024,61.900037514306234,pulses
112.393140203602,28.662289745802717,40.62783048633385,22.030541679543827,81.1059716383568,6.536528291540994,79.51950411775334,maize
26.190155003913002,35.57122359999153,24.006432893140875,24.196645417844202,61.77338640536702,6.760966184623502,57.589968575414105,pulses
79.3972900422873,44.853032830631406,34.18275008599224,26.666949541213945,76.38847577812027,6.698343489748944,81.97282807556121,maize
20.9065372232017,43.72262333742015,28.827088839460387,28.509271122240268,51.85797274179086,6.054564075216231,72.52726450856177,pulses
93.35559069992317,42.549393488092974,29.69186279728846,24.82913637635941,87.24586810720675,5.809616473554038,183.57700464314206,rice
41.890166164712106,31.934506224990507,10.488472264353408,30.09225764560471,36.318117670862854,7.152748022104138,61.65824804684189,millet
57.72234454418657,41.17769181882004,46.01820613103298,23.762076932196337,44.47976715569797,6.24753442740369,79.82905179879181,cotton
30.41946678703009,49.71074940854256,31.423585821010576,29.046986850156987,50.24758019048162,6.1204334650373315,105.10815420973285,groundnut
45.534912178696516,35.49852351667777,26.777485125364755,24.03637251119596,32.88084474231253,6.47701612910133,26.10536823079785,millet
24.588535185647892,44.27991792861104,27.793802272522036,23.419502285044945,44.84868630108976,7.762723796588,39.632001581624316,pulses
42.51172121999372,25.349586323508923,20.826522153662776,31.355766850180945,42.646780521235485,6.778751603960984,75.6104302050733,millet
29.13505334973923,59.66225122651479,33.30958864035263,28.278601237289656,49.79134399254947,6.415691171104703,81.05702619737897,groundnut
64.53366585995883,36.13557746729807,23.720242375328993,17.478486899716152,54.16338244691483,6.6511883991978795,101.3134604744898,wheat
14.073126490674941,52.560646820943816,20.38014619881492,23.86049261044003,43.2504532177625,6.129318622000209,69.29039167901429,pulses
98.59162260222452,60.79123779324209,60.09587170689531,29.37854135555304,75.0608867484651,5.874964653372543,189.3925645806483,sugarcane
31.97216472396733,16.469627551307806,18.869159537758616,31.232913327090035,31.874123117705405,7.2522882085287765,61.450082712973995,millet
55.74838401655446,69.5727086327856,45.68920125547619,26.74751150386454,59.309778040464145,5.998524238546757,45.22025545600179,groundnut
60.925190080292374,24.270165640087082,28.82615887010392,23.623974145182,80.53404206675619,6.974892464971807,264.23973479629194,rice
68.45490660390047,48.47708452450957,35.92921763649675,24.146908485879713,82.9266282470769,6.447668446790158,206.4296606446394,rice
43.06276567092116,40.42193188566759,10.949759676008918,29.275891635895903,44.93671207900219,6.668708592971711,65.5456136383847,millet
52.514345044965324,46.09322397400804,48.64682144435651,19.349935024039645,64.50650458813139,6.545833774809552,98.24858846643161,wheat
65.64992425293153,49.86972480785582,35.30597659797276,25.037482356183062,84.40373329452954,6.378612470411978,246.61540435891146,rice
67.04190345123168,50.52693551345495,52.21225372799792,32.385397502641915,48.23118291058135,6.89452971281128,51.13680151261221,cotton
27.663319781900352,50.07503723596601,32.35354246242689,22.469168356335988,44.114159361239004,7.1388744296624935,71.29519069904903,pulses
79.8251674041693,50.945925329577,41.27750972905349,20.612468311099917,53.56378695820149,5.776742381251702,128.58732140036383,wheat
57.34678873811936,33.22488454308233,21.411074166899464,18.314862450156358,65.93584187219109,5.402868951355827,70.33412101737653,maize
42.711508179696544,39.564832266025654,20.61453686431347,34.3855225781808,39.0773650732903,6.878956974181807,59.29347809188314,millet
27.6063551595088,32.97647130202208,14.170331542253347,24.13264056069756,53.44946500831384,6.890200933260753,55.55121473441577,pulses
101.29766186180943,41.00559760430912,56.00884007074185,33.46040378151263,78.57417226557753,6.12498936960513,186.311736923237,sugarcane
27.2459093642206,52.05758111954542,31.290625406528783,24.666184722326943,47.47477032927509,6.746325073168837,53.6173330445152,pulses
112.02693864850671,40.236147922337416,57.381198665433914,26.114158581839845,80.1486216759553,5.7523584239130665,211.18184352253104,sugarcane
33.90042405685501,59.184493689849226,42.7585366231183,27.747057822101368,62.490244211209735,6.00721107775374,99.80532995409887,groundnut
73.50170051262012,40.746783095153305,44.14392702258852,22.183742118989425,44.42170883279853,7.313117142441086,54.2048783975044,cotton
49.96682609638315,45.22024153392219,36.56867341988251,28.849860394451937,41.88488075628345,5.983656459740992,76.3658240530623,cotton
28.315607082127702,54.533371484997105,22.876815606195798,19.063999956266628,60.05135131086108,6.8095953891492,60.92290557236379,pulses
65.16990472161142,31.35906132769066,42.60528934883676,25.58755011527512,47.04181504777084,6.382233404676627,57.63891186429585,cotton
97.18007592875168,47.65034006502154,60.1269024663489,29.38606624137923,87.87895845290299,6.834194492898432,208.11599782684934,sugarcane
76.11784849331342,55.51858771531292,11.66272095442347,21.570917110530353,35.61893947717797,6.25358038977755,115.63370085644388,wheat
32.59745621471142,68.82327445896465,37.16935969946069,24.10233189095811,72.97787740509162,6.380928927354452,115.3685065702769,groundnut
71.5434591098952,73.86951799573923,26.198915570205553,17.692013726878102,74.3863016073845,6.9765558561165655,72.59469871050251,wheat
83.38699383600904,45.54330004632391,31.845378419045005,27.58901845611074,65.6031963451685,6.232850372229476,142.8819269917154,maize
85.61011210702455,36.407075371167615,43.68750784082499,22.123352197513004,86.39225150653637,6.180029635605499,212.60550545818958,rice
72.01388351253567,47.3216132306672,41.166858091407285,25.65606579018704,86.35714388974095,6.289438219509873,247.15654252287578,rice
92.6159267745738,46.03006853426677,27.01272850540894,30.363430207901,66.87544893185678,5.555006098950082,79.92872762701347,maize
31.168408119761935,30.24402404951173,27.710963881777737,21.55473605790624,57.6805677113728,6.6825813722540435,97.32970362174265,pulses
57.36522749820965,23.344116633749856,38.01778540267428,27.84529648157136,59.37333626093188,7.021918608690125,83.5322910355305,cotton
84.26054746129289,49.970003565294604,72.23408472241589,28.257601824871816,78.88933857710087,7.0380616325250385,154.42506336795728,sugarcane
75.98463329283668,28.92807652670312,34.65493128287274,23.992542533414287,61.05877205122138,6.527165267667734,103.7032094910549,wheat
17.193433020812133,44.889964963126154,23.503558116624244,21.813668617058042,57.402396511756606,6.801676270623063,38.32093102015061,pulses
99.81113518677499,62.23665720783297,38.20480786717399,23.85043803659204,89.30722146121101,5.757181727182605,184.21091924176693,rice
35.66809646084373,54.97733533895387,29.047003701190473,19.37516016600242,60.6989411432193,6.6803782906154545,33.92299233915761,pulses
79.42873395876897,50.82351929791736,25.664132798190458,27.444769273547966,69.33756228579405,6.397872770194939,114.36544416006787,maize
33.020919133649656,26.43145666030283,14.913010713668971,29.4352588849393,47.57433095238796,5.195643961764155,86.16866059459527,millet
44.46493609559723,24.03325889526178,13.621107739067462,29.579773676325118,37.19810950597892,7.1430776550381925,62.10169745822152,millet
100.98974952877369,45.35588180768819,47.83116968537665,23.200211190807472,77.70909659717607,6.4137652881645595,156.00375526746083,sugarcane
66.88611700978888,42.81332295982504,45.39313066024296,30.33042309659544,40.90968476285964,7.145235007218142,73.5423966001006,cotton
71.6590361818912,39.00538113219496,72.19587843048839,33.69535843647717,82.35837907919375,6.563182984551588,164.8814218521129,sugarcane
56.33321206349478,21.6659365360781,53.99999664429733,25.81922512320953,65.39477544442832,6.687188380884022,57.363686218344384,cotton
35.41893058552109,60.5623913497328,25.14090533028068,29.860298011871166,55.20724669328066,6.612960522495143,92.41425678457094,groundnut
85.16203127284022,39.43558903112893,25.38641208857998,22.651549710690887,76.83672298920749,6.256585346925937,86.42611191851681,maize
73.28610877970148,46.99235415153265,20.182705156790387,17.022905669778815,57.38155655795981,6.440771038180898,75.91321436437326,wheat
81.95865861398084,40.06302122893517,37.356742740467034,20.76791916836356,65.28029993432268,7.266577950694164,70.91401706723349,wheat
82.07105501266544,60.790912564104346,41.59991613573438,24.644085021670353,83.42913069801271,6.7224006966827305,228.77530005455426,rice
84.4412612117181,41.975562825275034,20.518523355741458,17.440674063748297,66.20064904276019,6.4295961025088575,146.27793705276133,maize
55.586855061043174,41.03714893738087,67.7653868954309,28.18483103856843,48.877155879037566,6.326013916686314,81.03909792611198,cotton
73.7806418916047,60.11228433276722,46.37533810897696,22.903208714263762,76.931413167798,6.213112837150504,171.33759402475488,rice
87.26382290209744,45.792819713209326,47.486910131341006,24.83186859363254,68.88065413651303,5.86897546845307,71.39277678390876,maize
67.75252376583995,26.401645934543716,40.99034821007201,27.79251467905159,90.98797261217157,6.406519028840581,205.1313321365722,rice
35.48549409791006,29.6988192116347,18.875604674576095,27.022401577508433,45.526173401501296,6.9851693854033945,64.02023094344496,millet
70.47036451969491,49.39636606016994,45.24187842812771,25.828822537985662,74.93617058053817,5.275958625346942,222.17414341561528,rice
66.23291066251971,37.783475817461685,42.67149283884415,33.74630407471858,47.74450411923279,6.801723056937264,70.2977175041519,cotton
69.72777669609223,43.77459847334447,26.426389385106045,16.939155775159065,51.16809091702671,6.629118985637299,61.24786264619091,wheat
102.86072256877364,45.355764769846246,57.53691026701081,24.720104051039524,82.65528913023073,6.346189789057134,347.1541471747014,rice
34.23721729203155,54.640213038085044,45.12715326833699,17.982237253341797,59.6395145892286,6.38040540477562,109.72077787030295,groundnut
29.733074278913644,46.55283286439066,32.25842742892337,21.102824729451935,44.95382635847021,7.189758591971511,76.43918800136598,pulses
33.356931095901814,45.13409965809558,35.974594989981185,23.461393041608606,62.69943462512918,6.2751571564971576,64.85213035250318,pulses
44.42565394590019,39.56504492067366,64.20415012247402,26.30465281439094,79.20213856975255,6.3860320838001225,157.56166588022228,rice
29.76581051212535,58.38961899241115,37.13556576631452,24.63872679571176,47.311505959556754,6.431056230610868,76.37553122416183,groundnut
120.3075332018966,53.920621165837424,72.12937660806882,28.161485337349088,78.29354894808094,6.489876315055178,192.8500531910172,sugarcane
76.14025452595872,33.48474004760642,65.09621343846905,24.554140713616395,79.81224693060194,6.912372631243675,135.51665069080542,sugarcane
63.21046009164836,40.13853717200396,51.625261297812806,23.433057308175822,53.151522560804075,6.152709092192643,118.92635717820647,cotton
26.597337907807372,55.12754867318879,33.3263480110418,15.201396504889285,55.13042971805862,6.476739285641713,73.15544134437974,pulses
34.87376863701631,42.84746535697266,38.64146371123941,23.188974714212733,55.7807713219507,5.376033373479001,57.43993583112949,groundnut
42.84241715621683,26.2595658369327,49.173708030318295,32.99269975449292,57.520344288929365,7.025143168072956,70.35073803346117,cotton
45.78237930952884,23.526222340339174,37.44459281259471,24.831203775127996,61.042014207808805,6.940523870395167,91.98367987570622,cotton
115.47100247167755,39.67525676082545,38.22442852319347,23.840091393026537,64.75404934191576,6.066388266711197,113.57371788098833,maize
21.521097315927,63.318314520963796,35.62577262188621,26.991163266967945,67.91765525655299,5.876430209258606,79.0972523897431,groundnut
39.04330200531406,27.219116372881967,45.089513268448655,22.360386620914866,49.126854214968034,6.794098955324109,110.40066774631019,maize
42.7591815492433,52.23751614786005,46.046572033506976,26.23388419238012,48.11403217147239,6.669091751399098,82.92263281913897,groundnut
104.3752969848801,57.78320906719822,23.06867089072449,24.041694627997533,65.09022157294928,6.260770572586996,90.52211241169591,maize
41.51805248930122,28.975588902551504,9.881139762859144,28.545300021663493,54.83052002173284,7.1011576956783085,0.0,millet
28.868405749054276,50.19479291379326,23.70255104079026,25.028365805900222,53.63442644591845,7.303954501830842,75.24445595361539,pulses
53.00747901835953,33.67479619452783,34.37953741153445,24.319693796345092,54.59620741774862,6.443388218131186,55.179628404422104,cotton
45.188526703728286,16.272234417783384,14.951239081432115,29.17543768790855,51.23696816588719,6.889326790464721,67.05302950175845,millet
100.74610998166898,41.07267790761991,56.90457488110724,26.101542327625154,73.82004052496733,6.771393171462333,188.21261656966658,sugarcane
47.56434880575212,47.82499577771773,38.09590621696096,22.761269838988245,65.92609387654285,7.239004245617828,44.763660781276045,groundnut
81.1055199012093,36.62601776172538,34.055996478012645,20.558390462304953,77.55933073133174,6.056793324770228,252.14340077514407,rice
100.46767672996943,49.821513617076086,56.72685542794749,25.830583465737742,78.43720942697094,6.61376299839421,143.30503251129159,sugarcane
75.95209805517793,43.579967855924785,46.15256766968561,19.807985183478344,82.82195351488652,6.0438144202148765,293.9130005182418,rice
28.93790715125739,26.350700362230416,19.679942226519632,32.59213087822269,49.85386541929381,5.407088732945039,58.178633066426855,millet
115.67596998656686,54.720095683780734,66.82091429489783,21.686385484824413,89.02137101897408,6.123247475623249,233.49962850028527,sugarcane
75.93102075730688,21.57615537969328,14.667220259854313,20.2217607998816,54.494658254400505,6.238155696552036,74.33359539207186,maize
36.67743447273192,65.99351742287655,47.3553023339208,27.128286102661974,68.16857496688114,5.4616847029986415,74.190736517191,groundnut
71.97184791258299,43.59509928144574,32.8328509834325,17.291609724666042,54.124897940869594,6.694037547398845,95.95970937093563,wheat
109.6399044015435,52.65159945488327,30.195589775358293,23.119790726808077,63.943190297495,6.390865119354986,158.00141843958824,maize
33.65518236407085,38.04473244116263,33.37379906835682,25.91048442021794,48.831016708676735,6.149275599623813,40.445230542253576,pulses
97.07320848793569,41.2374001441139,25.307874792640284,24.032948677747203,76.48795214214171,6.522096029711769,58.65580520808623,maize
53.07745687021282,29.818823884813142,34.24978582874065,24.34139869602089,66.47493365740532,7.080377393074676,71.92731155420563,maize
111.29818097241798,37.69739852401423,47.39203320920221,21.75444591154943,83.19838440214559,6.700129317276185,197.68436305764698,sugarcane
61.36774117316699,31.413681810846132,34.498278803192896,28.80332259247753,45.29824960765928,6.970992416848335,122.529698180738,cotton
43.71957786048789,32.2146416733066,52.6411440550179,33.06265911845991,61.25702591275792,6.212694496052461,65.35265521246458,cotton
25.201661721469463,46.84618235964222,25.265011804365564,25.70434010100608,45.02882582620773,6.352113055070038,55.23695282957078,pulses
62.516791728901445,50.23355316114556,30.20200440704908,22.860210927408154,62.9095852027437,6.412788348758231,119.84046429640942,wheat
28.973280291438318,41.718216046483846,31.437952179353754,21.937793571891625,56.87516872392336,6.167120914683595,50.173472421716,pulses
82.44385514147527,40.1323667280167,35.88586688224131,19.92520981542363,58.27240689063633,6.409182301945355,107.0049625851365,maize
100.74794409062844,58.59220600295612,42.552134168558744,29.05187536285797,82.06026590300912,6.281118910759112,176.26114518152067,rice
72.50106112694131,61.58659010704834,33.758599385639734,26.138992276035296,52.13451351030767,5.97091919076836,147.1365106375619,maize
75.40024808106199,47.72580587356116,22.079592875321698,20.965595588554386,62.91620030394242,6.20959396091961,82.9849888290484,wheat
101.20123936934628,28.749898750969834,67.30668619892437,24.28773250155276,74.01990335001324,6.850630555916402,188.90939439294536,sugarcane
123.20634229197414,49.17674321807266,75.24051520712311,25.40024345195191,79.46865770279194,6.577809593497466,120.5832191668657,sugarcane
74.54518040959037,38.008556770566166,36.611438904874824,25.944271578462928,50.522397830801495,6.944479153621598,96.76392265877307,cotton
66.01091837414293,27.768965683353002,42.39771369436879,22.425272013662394,51.045280398538445,6.959592760280938,86.49875779228205,cotton
68.76638134555189,50.705895754173376,60.3092423243399,27.548786260616872,90.63744178622,7.096238618477228,207.4771321387495,sugarcane
88.70579497358902,41.23890075772042,33.18836332364689,20.241816153430367,60.45928057150526,6.05306895917949,100.36540712566757,wheat
51.94281833387208,32.238745062056815,17.961823199266597,26.13561409726668,50.804680856231656,6.392166196733022,73.31224300465303,cotton
85.49809718250948,55.64710003213161,60.25438372214839,18.917992146922536,85.45698230320944,6.654662602501532,151.33238675999843,sugarcane
108.89368133684212,36.45302697040322,10.486002891419076,25.513333942987405,59.40782517516859,6.317052409775099,107.39885897473629,maize
105.7308636169375,57.989129275910216,48.725247097766896,23.71381893235189,87.68468353814693,6.640360614058827,158.18697857938528,sugarcane
60.10335563182355,31.734614592088366,48.94811271146091,24.355995018074317,60.712909988426404,6.326496361175922,102.8546860387526,cotton
64.7969053059753,37.5635961107683,55.20882821002474,26.354963386404943,55.32964853425296,6.775393728158145,84.0829628327957,cotton
43.95261508245506,29.858974051347104,41.366709241758194,18.181405344352104,62.00357040208608,5.969441558672581,89.41915722874084,wheat
84.8964341225752,61.16874398498608,41.310271161934196,21.992968057927598,81.45136274152856,6.185755705523964,165.41033391193739,rice
26.515119461903282,52.37964586588966,26.80444199447135,20.614684092560765,60.88575110032728,6.090816494402212,87.52629276525124,pulses
96.03371930912945,42.43090127234935,58.06524682583038,32.66813863805206,86.31035776229184,6.741791581998182,179.11470070522665,sugarcane
59.25237436586691,34.24800980616972,22.847198843965295,27.341218032223722,53.74145733721227,6.735882822870792,98.31828549154537,cotton
79.15183542017515,48.34295128497715,40.51142058552162,22.70339416771086,86.50092282009982,6.495765068920379,213.61406770311933,rice
39.895108552026635,23.100263169628853,18.49530479493336,32.97742984074916,54.801291640798844,6.566424743115816,39.97118213828765,millet
31.18994543351014,18.561999075409876,11.764914696953616,32.33206518821359,50.691709212540374,7.806016945539393,39.7144006839054,millet
33.48569957541374,28.159343502961445,23.35278711285389,31.162877314544243,48.191837077913874,7.0518712512256645,75.31355181209629,millet
87.72726551932229,24.498278989689773,39.51281598069882,22.470309189121387,75.90593469788186,5.8487390532285,206.6350623719675,rice
60.42622523078706,49.249815420652546,40.07131052175598,26.569347930900165,67.3898044677029,6.650084338912697,84.44403417932915,cotton
71.32735747094414,50.01339846754487,46.783628577516595,10.647383614379741,48.658526638723444,6.025171829450252,80.91848381077986,wheat
53.57998842938659,48.10444488460721,28.44196856983325,18.334051288194335,56.890934551465456,7.0909574659898675,102.66457885475634,wheat
86.91043713484729,39.36491325561731,35.85193926352748,21.45976772134794,56.39542171085588,6.389718922872637,128.0287785409969,maize
90.54558888458695,46.68417685286009,24.642548575422374,24.15549629697854,60.01117992296513,6.0893973213935535,76.25211934693536,maize
108.24835849193688,35.6426991183326,30.807494333881237,27.401367817692037,81.85507786622517,6.069260610740675,109.49489828799722,maize
100.74247908794979,48.43936891553356,41.835697150817545,23.429784981297765,48.56190953859765,6.224565546797596,134.35207129989504,maize
74.70413124838907,53.038374256375626,34.26767984465434,16.407534515611058,77.71322092633528,6.319219608058597,73.35305722198909,wheat
26.648674869420503,49.06843492661918,40.157200761092554,23.64114163504255,58.768457112939544,6.0138173288352545,46.780162219859555,groundnut
77.99686483869722,53.167758672007906,46.25085201248154,28.755175025695586,79.39338540681358,6.025837010822415,200.8358731635208,rice
51.81502397589615,43.651603757028255,41.737563183761715,27.467567538719237,51.98245700168743,6.033273651293969,47.36027119846078,cotton
27.273501446526517,53.987864419840825,40.81672499910466,25.081969630709573,71.39487392149458,6.1122384721252105,107.82866358510624,groundnut
39.095167296393946,75.74451394809458,51.88417190915439,21.48461617198804,53.70609551725358,6.568580296222136,78.594361559713,groundnut
43.03475479344491,19.330662294386443,15.406472520270059,32.78175152203766,59.166381773820504,7.140153908612094,36.538689188428506,millet
39.98913679689321,48.71562398817866,20.00055420734083,22.754900846951237,57.511616114312744,6.425553690201333,113.67496245249968,groundnut
76.39211604196171,41.343018191182345,75.37600627757423,27.224330367406534,80.70652370222294,6.495431517130784,156.91758063393556,sugarcane
40.81120026724205,26.376738846667973,22.817218202094956,32.76399059363305,39.46276742645706,6.558462196395495,71.76285019614738,millet
43.17862646610291,20.401667919333036,15.142895257216402,32.964853209307975,54.53240650120116,7.6560717790609605,77.05895724879302,millet
128.21314460511775,48.527116864654424,66.96747143336383,22.865695975397927,75.1739984325045,6.331073653471834,231.44033175779907,sugarcane
81.9222871198049,55.762401574663855,31.54338967232653,25.999211117854767,81.87068576023071,6.325563284583022,186.66524776202377,rice
38.735830170025274,28.363169651637065,16.2029392708873,29.481200661480212,46.313178880611396,7.023139045746929,57.405840716903725,millet
92.82500857750907,40.642668008156484,45.74161573055596,22.046466722833408,76.59029577735258,6.012133823171878,144.98160105449128,sugarcane
49.65279009315255,22.490359051654806,47.19402669753906,28.70378674268031,68.60634206742654,6.532664652658119,75.92201179246541,cotton
30.639435195073943,50.336364380669224,19.280287079221935,26.34989796848482,46.33678964691529,6.986290912429909,47.49440900167256,pulses
26.464361355890606,49.0265389124335,31.53928933112499,20.637786820101837,51.97483143304973,6.5119542976924505,44.51194190449546,pulses
92.34075908407614,37.40790740684917,30.501586425893713,24.322602540160904,66.72078508655228,6.6090159230331045,126.65437045834493,maize
56.54282744779294,64.62355263473361,41.47355785482538,18.28631711546321,40.508994694021425,6.106633608536388,107.19402828999681,wheat
31.07843109217584,51.56271328462145,46.41085789084439,30.499480391686433,67.52419763964514,6.238057467063261,83.68510444809107,groundnut
36.76949188272934,50.839148787334715,42.70141614963756,26.063922471065332,64.18953512879014,6.665244952426293,83.34306575169683,groundnut
58.89245516458276,40.17334629151307,29.02555820757333,22.594722906301627,81.08740889920412,6.519593149630764,131.78295084339004,maize
52.18808973852994,39.178881710675746,42.67874309504643,27.46428409631844,59.775567178471064,6.743184156706824,64.43492463085654,cotton
60.36111889657954,55.51191728701694,38.16407285090006,13.298825249293685,54.20525984473439,6.267311460319101,80.86326014714437,wheat
86.72400867371519,41.61919367285068,38.314952359348425,20.741896340897558,66.4056036493188,6.8159718794472965,57.96165509188414,maize
70.64149495140968,48.808311626720794,44.35630517835107,17.46403449295833,54.446891510834675,6.297358921611519,121.82206921886659,wheat
42.28955954043453,31.01219195986149,19.427011560142134,30.95278467249503,43.510631498687054,6.576620541760215,57.843195003764066,millet
59.91720116070413,30.134016422407065,51.25211930579466,27.16233724236495,47.27989820176392,6.6887614828048365,74.51719672633105,cotton
78.41837309139702,54.19497272309715,64.67951933037297,27.82691034698723,75.03253870703035,6.9309010604562005,125.38713841199166,sugarcane
79.72712897285061,42.48933910396658,36.77043249846184,24.957284502070724,75.07291879467789,6.262013875762931,100.03494410482983,maize
32.37536548375709,40.676332191769944,28.550174297025777,26.176443401398384,49.263729660842806,6.256463447485093,110.92939891922221,pulses
26.975906391672606,38.34490440268947,30.027030393056105,23.92554009383987,36.50427009113168,6.624271870972841,59.54498866341761,pulses
49.40548322584813,14.421486434596424,27.13001923015362,29.063714039861125,50.85195447843894,6.238287286618398,50.074350455136056,millet
26.981537866795215,51.852280500820086,27.2205790306675,22.957520923579363,68.88271791237163,6.343007030245358,117.81460352202413,groundnut
23.905264541632796,50.00166607679923,25.078833320514757,27.77664540727716,50.60582686454729,6.884340338519868,60.183073855655735,pulses
54.258362010673466,56.71228011613699,28.802785149903496,16.2690108858674,62.510552160856975,6.303301032107946,112.32139540807388,wheat
38.581802708128,24.841420271555815,26.435200188261167,32.27711143495511,55.63898598734745,5.934231946813317,53.800968758318014,millet
70.52423012799171,38.648097456873025,31.683552399425167,24.016202458019677,59.266016169710106,6.261811560826842,65.48865957862792,cotton
75.97271158257624,25.09188004876002,25.04939169772795,29.091586689441726,86.47592490985843,5.912207906686084,159.89986175836412,rice
94.5502260419792,41.76208295713399,23.08037350830237,24.947311520567663,77.48788452603743,6.063063624534447,216.73648921259516,rice
52.679920670942856,34.497546214848356,46.83342213998421,32.68105278962337,52.59753393410949,7.183522662404385,94.63958806530044,cotton
72.91151583243817,48.156050035903405,52.05853620888234,22.812748486769173,78.72926779966102,5.341084388104538,213.49336317820368,rice
34.84995508934155,30.128038518947825,6.786459386128663,31.040042246231128,57.95548126458634,7.619971569550331,55.84710080807784,millet
58.34732029977563,30.470485801119995,43.22986413923563,28.183044566242614,62.1153076521962,6.76031530590958,77.98206410596507,cotton
103.98662387749833,50.65685174720048,34.299470833818695,29.91658785583144,63.486034427452864,7.512704966044254,103.17411753910339,maize
96.23220828973716,33.33249149793144,28.774152317934288,21.52760783598157,55.010059114338304,6.433419604654482,115.5653991975423,maize
69.91459773845781,51.701769431919324,31.302983398620434,19.993061022719793,67.46111074392896,6.693592917580611,83.47928853988542,wheat
77.85591434137343,57.454989065249826,32.83257495873754,15.21303249860826,53.05445255487376,5.845814700616857,95.92371528864875,wheat
74.29787452470418,32.53977788226388,41.819725661929304,29.40909015845606,48.29584655659452,7.266515322612994,77.23201043687168,cotton
44.5312694191798,21.425780347519563,31.564218531381368,28.957706488541415,46.06015508662446,6.656442094801187,74.7798775616501,millet
42.35383947615732,39.402760811239105,53.177116062629125,29.30883835969859,53.24270662449154,7.025976261418726,73.418767422566,cotton
79.29942906711706,19.00793657438756,36.716544726194016,28.305018533966805,76.92099473837257,6.443582576260589,111.38174415731346,maize
43.06316076129354,26.389280951669924,25.098021514690963,28.405629293079617,60.16306900381334,6.7101320260751836,36.87335536707956,millet
70.56121069874997,28.13531848765898,31.737705336360474,25.74299770332683,81.10386687275123,6.098648972420794,213.63260514479757,rice
82.82538041971917,61.11116148499621,27.776256874600968,25.747108366920827,91.10649425406554,5.539296340728293,168.7572317261667,rice
69.24699196769792,38.5691280339814,54.27545777313543,30.25127066321073,51.48429189322488,6.262440435323466,78.40724251685248,cotton
82.27812071404932,30.451775147422108,53.361861000121706,28.743849955178295,80.73741332848518,6.345381735135629,123.603121368005,rice
55.81731609636191,30.410642473132647,56.634958143064736,27.081393763085355,63.83596020164454,6.971586156450879,63.14310694180327,cotton
23.81180080936659,27.459681270364655,20.750031932504246,29.156058871289883,41.25971212982307,7.270819783295684,48.18643872648328,pulses
125.16354174813117,48.118081429489195,54.67956144567448,30.28842709906602,73.66583784679568,6.362109062490401,180.35863394059143,sugarcane
19.756246899262706,44.41714355658444,28.400490692261176,21.45855954978208,46.48221598813409,7.144805839254718,54.226086774314,pulses
33.938333513262236,41.32097747410383,32.52527411803422,24.783908675012235,63.74992127799288,6.573188152084067,53.24252768787525,pulses
100.69940264191027,63.54300465505622,67.93774073574578,24.37311380250978,74.11633245547611,6.797972521809319,158.1557630727971,sugarcane
71.44698330135591,39.24228523540176,26.390597142084683,20.58501981911717,61.466465646616044,6.110194826552384,89.84456780716383,maize
46.98177247778902,37.37106416093404,40.113174310370376,32.21984660095193,57.58975116463252,7.2943131571976565,54.887065671496146,cotton
29.02132874194955,51.0248984070222,30.97631241019682,22.338816519511653,62.24318241163127,6.508839384090627,72.04364480769222,pulses
23.01480158917335,43.667213538803054,36.289586258344855,20.841693330449313,60.809474627672,7.277790119749238,78.5501198725587,pulses
76.97369269934931,35.96837323069951,34.329046705744325,21.517247277796017,61.71572809587988,6.335837106947373,139.87816054466774,maize
74.8582610516285,33.94728752867432,34.805620929833474,19.093603467099786,64.4486021905852,6.570904546779542,97.28078542118449,wheat
68.72348679961769,36.48667662015132,56.49376840957818,27.865801197436397,43.75868511458432,7.186451872401642,62.59258780677786,cotton
71.26943143212299,42.79726152560162,37.936244978842076,25.799270969496877,49.83522718033862,7.0930558265861965,50.000304383792056,cotton
93.5476675126507,43.86052542345125,31.59843523037472,22.52655635292628,85.2529639391235,6.497301668481377,241.7261707322078,rice
72.23770566425961,29.224167523962873,27.602775487557075,20.350188854131787,67.68033894029931,6.320679328571446,124.43085994290966,maize
111.80626663147306,43.01747303137139,47.599950048131646,21.720273384130664,68.6092296329976,6.241421937550291,138.7773581304695,sugarcane
60.034654100046986,64.9392700572799,22.678194230773407,26.942019882982276,72.76398384690985,5.901723909263277,124.79803381517297,maize
24.923463697112503,40.449498639337136,26.842843524048774,23.879962615056524,42.18489490890047,6.880691738249407,56.511578726314724,pulses
30.209389236345725,49.448282756502465,39.051299289401356,25.865727076292615,54.489205280427065,6.529575856834407,43.70476502649606,groundnut
25.10650583324305,46.47317578329259,39.28275767725661,18.55600981774959,42.711179639431606,7.821784997094432,60.08424888879245,pulses
66.31806897048523,33.80464124729474,44.4781371672271,25.17482299280634,84.74369409432063,6.124931603628619,231.12574905818508,rice
58.220424442543134,41.062214087489494,42.72579369244344,26.509825891618885,53.40934717616903,6.291257926199646,77.9406320458796,cotton
108.99376779685566,52.04347687208954,62.713296120532455,26.763792623281866,81.84471080551585,6.612453941177991,150.30162586265754,sugarcane
91.1395638988218,38.94999287191269,34.66099761626445,21.79074276613093,78.72858361656222,6.371156176277967,212.43022636254378,rice
68.93663265696199,45.69541666538042,41.37235224415998,17.292497268557455,57.5464216973925,6.54187601195525,132.41466707427128,wheat
24.030245415850978,50.570647051213726,31.219282573768155,18.793786882267835,49.2747345941026,6.205750360268527,63.053824912095415,pulses
72.68760914048137,50.01999356415087,37.25564693915326,15.90395869204551,59.28543677839412,5.860779049889315,93.37808629670205,wheat
71.67909174446936,41.83424892544425,25.825343342660474,15.17933637322285,54.92149468822835,6.034610480083091,94.05148897657187,wheat
67.74745807186014,45.52173318657533,37.26149494453763,23.98950409707822,85.0985098274124,6.335950144477081,232.64191482577144,rice
29.038969630248804,43.47670594391963,36.91331397991602,21.70388138146766,66.55496921303111,7.548879001708898,70.07729593209139,pulses
97.35581390565689,33.970216874329964,26.862191896637736,18.429568794179502,59.568165485184146,6.29697308134754,137.91133572868677,maize
80.37100733639238,43.82389144574879,52.14189828928502,16.981496700691185,83.97966937215412,6.8245752807214295,174.88876940433144,rice
46.16785271354519,22.655374347200073,19.35673298628658,29.691858159975304,45.252592978251066,7.136341546119307,88.02489119149747,millet
60.70587926183926,43.81053447408637,29.74903285161513,16.30308375493488,68.7935324443825,6.751518517444121,132.7485988503018,wheat
29.147692593537496,45.79737766037469,22.212822174047037,21.08755565204854,48.29031812842157,6.486159903893147,64.71059897851673,pulses
87.03466797631134,52.11226579792855,47.93347235199925,23.95382478325469,79.68824103667717,6.543190352502862,212.3478270047354,rice
88.82790027634024,36.02222086059792,32.97860448048244,26.50684478365873,64.08866885557534,7.010687938847048,117.17447853900381,maize
38.28604365303272,25.875231869695597,15.79264404421139,31.31644957008509,56.616705056314515,6.243185945497919,33.077798943618994,millet
87.6947002117008,34.14621498026957,27.03431692421516,21.285577490356733,63.64359427439645,7.0365022457707616,72.0670891646836,maize
38.911280094062434,50.46140141645814,30.327029562552354,31.205221887542827,70.3728912861086,6.753513984504785,72.24378629251454,groundnut
74.26984767226469,35.682971052820704,28.3849508026149,22.467638646497427,57.040656350942065,6.563208476908008,51.70847443345297,cotton
29.47660200726942,41.05329828320023,24.418199144164102,24.84340960191333,57.5596122013537,7.066107354658618,68.86747800010626,pulses
89.07497796355767,48.78842603458394,27.651869130885213,29.326914373558733,79.49627628121542,5.537961862725926,178.1982516165479,rice
64.47715030095068,39.367030701913166,34.633771008353996,29.53212384764054,43.84931878372299,6.549750357439441,91.51445934988384,cotton
17.9820136234389,39.490623677418924,31.117295174148808,16.90420042986889,49.894211393211535,6.824571749520026,59.90533074432229,pulses
65.46089230831429,43.72377592910853,35.63678724954706,25.28070682216851,58.679202130462166,6.771533204458765,32.28476778857744,cotton
88.62256144146986,62.769808321980435,26.989668537947647,23.05075862861407,55.752187963554285,6.917949124981771,91.69966565127721,wheat
29.27458071095822,53.20549347386772,15.444549570391985,20.52633607360129,49.11636790953829,6.993804364523447,55.716561476764916,pulses
33.22477936458304,44.161140897735734,17.258175245742414,23.171382840360682,51.605654865292806,6.286295656343953,67.6548317797929,pulses
68.60617522336963,35.622853794138436,41.29386946460138,31.07856900432059,54.84193712131319,6.4726919844326165,35.67502645030897,cotton
37.50158946459801,45.741809641791626,25.05702740456093,22.104653223529677,56.98859361989091,6.494244392071182,69.27740960675041,pulses
80.8109488338667,47.89119398689984,46.3128822583854,20.628532540433,80.4016439182135,6.0118509382828815,194.44488607026634,rice
62.56458910858533,40.49562934216653,62.22829883369059,28.512866056562515,54.09567703302893,7.403487849329031,89.35100831982271,cotton
40.205395629264,23.699840475664477,23.456417021368345,35.02192348581314,48.470152977715614,7.127265935934406,50.77096781475638,millet
103.47812701433955,45.53076787025245,31.991308789400236,27.026005067864517,68.87562751398738,6.787090074980455,137.58271029940957,maize
78.47950789415299,43.69358059699904,26.054225235952714,29.80614355058733,65.1070065017269,6.816411622073654,117.84261238189904,maize
122.43560081770043,60.56609849041607,68.20354475375666,24.266065533798983,88.38857250619407,6.814520572883309,166.49564288859324,sugarcane
48.94267520439778,23.134559967564563,17.73658595542236,27.115303826634513,43.80051519625947,6.618815808538405,34.83450969945117,millet
75.72442152671749,49.994369028770414,35.317548212780494,20.882202922783392,44.377475759614015,5.710466452056415,96.84509613308799,wheat
40.0822938186998,30.187511173165937,19.40092775677138,35.424897283481165,43.74769137827924,6.781158180797361,47.43451817573403,millet
41.66913525189606,26.21390908335013,15.132221991279506,29.47521035398848,29.170674664885148,7.363188373916624,38.439811104917496,millet
25.050203519538712,34.64576040298929,30.734293941628895,25.78085125391186,43.54427657581903,6.457133165542396,73.18317842421482,pulses
43.122654595054826,57.39583644145522,51.51468616969101,26.494062859459156,56.012614336231735,5.686510044762178,47.605306123765196,groundnut
79.73521436813671,26.62232991938371,51.10841031136689,25.939187135002463,55.63738191414052,6.546698319090562,81.2308230923929,cotton
37.186246707826754,23.385845012640086,28.623554482616456,31.976731753442618,62.60882511003675,7.024361130159511,44.04453800631913,millet
97.00218906848313,42.92202136831283,67.84783478682138,27.513722473801714,69.4642281075015,6.468772150629761,177.09860417814562,sugarcane
32.028590978442885,54.14905029575085,32.99759351870147,27.952218282971682,57.475627665736305,6.63075412423946,76.34178419624584,groundnut
18.588507563905782,46.710477637098656,30.044195627102237,20.440423471169463,52.864019473553014,6.758515818443407,63.6934349484701,pulses
78.00375240988848,28.911970250619607,31.835682915667437,22.43276270570693,61.23342673779571,6.595730410269961,75.1479992319696,maize
64.44942062544622,38.64238750733261,47.80854348725522,28.13860982744486,60.57129512658216,7.174043504409114,88.22456010381295,cotton
28.743377010653102,45.08449687425305,30.829592754170648,24.68728007904761,59.99684504811954,5.635273936099399,79.07292594838468,groundnut
73.85019575589529,52.38600790928444,47.62214563945509,14.797218692865343,59.56052107037666,6.953075928207835,121.6134952334509,wheat
27.418583977260987,50.52580855810323,49.992417343889336,26.128302695923878,45.50722363898777,6.617595845729048,72.07068235906982,groundnut
79.33131436334243,41.90513681107234,42.0244686312656,13.880990949343383,62.626943782652305,6.571496385314531,74.5926727951973,wheat
104.42087963277281,44.1290582894749,36.929167816654235,22.739417258927865,76.83868664711082,5.70221128495957,184.44810747076326,rice
91.83363580352922,39.422286540105766,48.05678639242501,27.032204106076907,77.22604091434589,6.5895576512869605,247.9426538148602,rice
62.01657542634481,26.926797269065265,48.05328287348692,27.561657905216364,82.63237121795345,6.914049536536909,62.387503058672706,cotton
112.66301786039328,61.29970394107556,50.04217941350965,26.767683397103394,67.06825062259152,7.049240844104357,252.27584901952994,sugarcane
63.567126390359526,40.974774485074356,44.117545497068996,31.030191090594784,52.56551864408166,6.714457759602434,50.45507537736287,cotton
85.37988879167791,56.65307535547177,56.47393997603329,25.9288602457275,84.94773443017802,5.739654196325773,216.48493030337517,rice
51.81446904958566,27.23060584331718,25.547452139571117,29.108565788309573,41.173782895934444,7.136835945408401,44.202906909246366,millet
84.08473973457387,41.26165196430975,27.28315979514745,21.330629021108408,53.25088455747766,6.553147329422915,86.4979683831014,maize
47.28725639394106,51.34068272952853,31.158361273459853,20.71364596258237,52.832278944849804,5.818144750988025,67.5435832695435,groundnut
65.68444305594613,29.058569162390775,33.15315356337676,31.101428324196927,41.36720299482076,7.170742365430616,64.94555374853883,cotton
47.135180604056764,16.178706267415127,24.416336802430248,29.938513313481508,36.53090185637043,5.857697123672967,47.9528943218247,millet
44.596456241515895,34.10268879911533,60.611865331764825,27.439725595586943,65.45599642723212,6.940772308327463,79.42500915691787,cotton
98.1884713498899,48.298808088698415,69.89691295857561,21.341085216049862,84.97119816518129,6.9282397179990625,223.8215247294532,sugarcane
112.33082832014264,24.778007248085714,38.220648564430576,20.945053402916226,65.81977893682526,6.20295238103989,81.25965197896312,maize
97.53065490853346,51.86142502118831,31.6869168167047,23.471360823114072,68.20247926647738,5.155392651959731,119.06774655456384,maize
83.65660495705318,34.60015893759505,47.50451195806457,27.82169414917364,72.24482405673082,5.679128197255073,225.11361612669143,rice
81.77133315135768,57.82293792704712,28.28962510520035,18.598563924797457,80.14439108338036,6.572957003925117,107.89961423561599,maize
15.174284182334812,52.185374324058316,25.628313824764287,26.270498101071986,44.132845322575605,6.483640923894881,71.20697077058684,pulses
62.83906001175473,39.68198025087085,45.64136802378154,25.978444935458317,52.909884871669966,6.807596474656044,69.3064149996282,cotton
43.86961114886811,24.9653947229033,12.020653865356511,32.18335845093057,44.57633069069578,7.480867395007349,39.38391830780095,millet
48.86678062304031,21.284096052260814,23.541866567331795,28.016529814159075,30.232969002985406,6.96165470222123,42.93689180426359,millet
62.19323655513289,43.25787538275491,29.30130348469833,15.361471114023173,78.2530630182085,6.619004428474222,112.16897636011846,wheat
62.70485386110199,27.72801844389026,49.184990745503846,27.597918337571905,50.134082165301706,6.489410236740654,123.4352675951337,cotton
56.49690271523563,44.87680707070689,37.79032682213646,24.6897396592761,81.8600877173489,6.290223935804073,257.905984393932,rice
29.78472729584144,48.130715001382825,43.30778634484403,25.5868656776583,42.579830914266026,5.817777231475165,57.054670170770734,groundnut
64.7045035557017,40.34558274846105,43.52926500491396,28.241823326861564,48.74567816213337,6.45572678273419,85.38295003933615,cotton
99.33124394014273,70.49327952607003,35.94730734550668,19.189485878139443,80.44758011902029,6.085510820063733,212.4030463591097,rice
32.9230282448943,51.8807161141286,25.87315489793731,20.550428489823922,48.319553816014405,6.18198412926744,47.689508022435255,pulses
77.94497841498104,56.50249005578364,39.748437559244536,22.610896961752935,71.59475840989043,6.350022124060346,99.32630796085445,wheat
31.470738024436443,57.52264264003433,41.633767404973085,27.808808063773775,53.04690434019513,6.6840545411506165,61.8737701409899,groundnut
35.27368094666239,61.96207461836084,48.65937161293559,25.069714074231708,49.64622387539073,6.430437791569007,89.41299172208143,groundnut
97.21173044679105,39.6928296806766,35.56335301861831,14.471399050069701,53.779152578013864,6.247966995897732,63.57112814654314,wheat
86.96932514395756,44.43216805607308,38.29592418835796,22.661552809823743,84.15150679478776,5.859385124325693,246.62340945253717,rice
86.35296088550867,58.63428712085699,21.192015720259423,24.04628035411461,77.66497371838287,6.247690344450957,197.1420312321305,rice
88.84988096068392,22.855141045038785,24.28944402225031,26.315622877109487,62.76258535093686,6.095175432272349,152.026455809389,maize
22.88619011973925,32.218226257006066,30.088039003014618,20.658637626474004,34.36582890596331,7.3944100583440715,55.32388916410316,pulses
101.57410733436588,42.76958675219365,33.66847308969735,25.08902774314355,70.579906495368,7.2109721794224395,139.13019007877566,maize
31.613443608027847,51.48596731994518,60.06179828405546,23.687824545505375,53.53622393163046,7.71754164334726,88.42026604921105,groundnut
62.414521596024294,46.526500784034106,44.58202772124488,31.010428872632993,63.634525251456964,6.707421280924484,81.89380422740368,cotton
98.74266217747055,41.32409062736726,60.845954748253966,25.136964735577877,72.33039698627941,5.950893067893389,167.44874262614792,sugarcane
42.71743515330894,43.663083144531996,49.93710894902064,25.213056423257015,50.76437418963164,6.478841300348481,75.94461288672363,groundnut
80.63894535656668,45.899665952001705,26.040148008539358,32.26322781420935,62.49120333611718,6.181880021788497,63.93596766579005,cotton
101.7909574299757,36.1221204445071,22.934402950759004,26.36672365014972,56.19470988612512,6.204625459607879,106.55666152994232,maize
46.78579476511576,47.21825715722134,51.841838951770455,27.5752161225862,60.63922305275168,6.277252674975881,93.21345826004502,groundnut
82.22852431890115,60.30195403152731,36.472462650172524,20.887972717460524,62.18116210745703,6.275406789286847,107.44542097500012,wheat
87.71992153626853,41.0539487714041,39.948781332799285,24.509671304426462,83.68787274399467,6.762992744525487,223.62339627606983,rice
54.205599144183005,31.29244309099683,26.47272138309722,30.5852754826101,64.53274891346052,6.519462340094464,76.96406031889637,cotton
76.74727446297392,37.0811773176831,37.82101763133738,23.738864423195256,63.72942129757848,6.349515158486614,77.32236798929395,wheat
26.023776702307558,49.39470334757199,17.60313116987311,22.036070268386354,62.94636711645907,6.612996317347886,91.81348563423123,pulses
77.59429497528768,49.893613233818066,23.988900007376415,17.051406886256437,62.92290993651014,6.74518615218984,86.47530256388953,wheat
13.654037140580353,40.339598853214675,13.386760671213828,23.72276213736846,56.47827808222575,6.335335049532499,56.526969399472875,pulses
64.13107038257291,48.140433228139514,29.29156814903716,10.044874995242395,48.97592578521707,5.775752528007842,33.75540555120981,wheat
60.4630996479414,27.591375677196062,57.26940876435939,29.89240049243806,60.81498290957139,7.2762402715471675,56.94407412308411,cotton
28.8389753388745,54.05191440610012,30.12398176165911,30.6706838002923,67.23908248580545,6.387366100314748,56.91702128826144,groundnut
85.568843048926,44.870052508032565,58.86186471685797,24.67377862796894,81.0027871499107,6.7427635396862815,141.90922724308575,sugarcane
61.001696379934735,32.727207957113734,64.25012801735852,33.94678090043677,55.37210536171793,6.825591084547542,62.5311406730097,cotton
76.43211964762837,45.99477473015739,39.13899348178951,27.372418365070242,83.72322613118027,6.467330407243199,192.4651087107696,rice
34.91309002641443,42.05033021525568,52.37147116924841,26.228920432547138,55.6866848127151,6.592469635469816,68.28576942021628,groundnut
60.298337871266384,39.47016827790207,50.58515181607563,26.071649291077826,59.37697844351472,6.476547812050978,57.824861527093475,cotton
70.09938291949513,47.96218138875452,23.231078124920877,19.509146005130596,40.6871371917517,6.759357604495485,52.6973541131752,wheat
78.54372427589261,38.1852093207118,30.46964067535195,16.12618977535446,70.6011738309987,6.632115978246636,84.70665493639014,wheat
46.35124838956243,58.924989370016135,34.33981363196843,25.656634969045076,62.07720610565024,6.29971243491109,69.31058756574798,groundnut
78.00610589660322,63.821748802040496,38.30280203579622,26.241376951570643,80.83865335037882,6.2302853151827335,220.24066721744285,rice
24.60612073084254,53.28791578708738,33.68560780815148,24.371194742530587,46.780552976786666,7.186001607632777,137.46483276909075,pulses
92.34313199457281,64.81735594542127,65.7580684428266,31.119524753665942,79.58055156991296,6.632555134570031,147.21907638364127,sugarcane
19.407691448656607,50.5320259386113,41.296734468470724,27.24699790979935,56.86625523564934,6.2536973123809885,96.89141719432959,groundnut
80.14579730178225,34.24380672829385,29.708664861545472,14.527606103299734,52.27719044152989,6.52139265072876,37.88994612528814,wheat
80.62960158027492,42.07828814196445,38.96511731934039,24.244067865379343,82.76281256051234,6.788596789197263,117.3336623627481,rice
68.94979522629046,53.55019324297279,46.39626409497902,26.32763687261216,88.24832633521889,6.454148457144512,249.60056945217343,rice
31.027471509778728,29.584649342102647,21.4721296914345,31.83318360022183,30.282760081580285,6.158216656974199,59.94823160384743,millet
63.12712579274802,32.96929951099573,52.44333588749676,30.325687560552144,57.61928876158032,6.697744117980881,62.8493978289093,cotton
114.92433396349996,43.22459987093101,51.73857458874942,28.07505795304211,88.68623075545376,7.2494348711891545,192.58990246164373,sugarcane
23.314197552224396,46.09391702992415,34.24650483229647,25.37653343383887,51.91172877098571,6.68281629003876,47.89733597083165,groundnut
18.888316849603548,43.45049966680301,19.54020193375583,23.106111843042328,48.412960459211234,6.4702132198578655,93.52280341646353,pulses
63.24884718824585,50.02703305594503,38.310906599965804,27.7795640152288,58.40899157455541,6.790630816319673,59.98763708022694,cotton
69.61093486120217,18.120394824960226,37.33684650384294,26.80083983113071,68.94897493833253,7.107441506198548,58.85658945893801,cotton
78.12034522810292,44.59237473864566,33.452123045706095,26.33821660444624,79.7250825982961,5.709757694493101,168.88249702721524,rice
83.4102257599117,49.58082017825228,60.80945479281434,29.53837573771682,89.03701201693538,6.755420672511685,161.10740939454638,sugarcane
78.55752642454797,67.84948122880138,52.69378910225571,27.50461742133377,83.12630796407024,6.205208097681571,160.87864745205667,sugarcane
32.122779320060985,24.370139891892002,10.957299286193074,23.989892611799412,50.925141678744595,6.523437803104521,63.087477532145805,millet
49.80682907433014,64.51165170778927,45.651041171396685,25.384303484187896,57.669301752288725,6.264865067459896,92.42503221790112,groundnut
104.92234931343695,56.823835853400986,39.068549623005,21.1753871933106,66.61075882571937,6.475806457716572,55.71149093248312,maize
40.17984236922989,17.32365947247102,26.663376441756608,28.493624613178564,39.82361888473018,7.540615281881286,67.37334003193936,millet
24.754503029359647,45.632798564366574,27.356183073681617,24.388600466764714,60.79454438760537,6.959144326994603,77.36360530402742,pulses
81.67605745002847,49.956348061178325,24.479075670784432,19.54338252143318,66.12935215066112,5.597409311701474,102.80686961319225,maize
66.27109600149166,38.040186392388904,35.12944845463113,23.50588067382686,49.30356667053629,7.025966912509165,83.8018283035079,cotton
65.385398679785,56.61378189891708,29.867658233737227,18.693846068230094,57.60529673798622,6.768845726038575,101.87820168370023,wheat
45.55750817917765,15.840484859873897,16.070626152140168,27.478544513013244,45.17358536847933,7.713926984347032,80.33884106997351,millet
24.65892158401687,50.804161573489985,40.0913961228905,22.978885327144674,71.18859778379094,7.2958011518574954,89.56561401460355,groundnut
65.59742710992437,31.870259753598194,31.880959545213322,27.646447249493082,77.92785939329639,6.61181176830858,118.6187228310909,maize
74.58935014213537,21.786496580753617,44.02118043640751,26.47714092427593,71.15916785019812,6.68709015471179,127.30125084630205,maize
99.97641993296206,51.10180577781358,47.462293268320956,27.319458583808046,81.06839397704623,6.731040233708451,199.9570316369232,sugarcane
55.79046001722073,50.86505541921462,37.61607895031452,15.622422508626256,60.21268273060879,6.728214814455394,105.45476786663252,wheat
97.55963469463474,33.11236945677149,33.60248467250252,22.220272175783425,80.05095098422116,5.649325540977476,245.40603787257618,rice
32.42681321086428,56.98770677488719,45.98401810188718,28.104696415821405,62.4218280071981,6.303731888545712,68.66003328117516,groundnut
35.10556093232164,13.91802293685624,18.328425363162772,33.43378001648214,49.79067338124855,6.910154003280203,35.07598334275506,millet
63.04150446186177,25.899248037098488,34.75737665641137,27.717636806296543,59.02920230019243,7.224607508165502,82.14106869541104,cotton
100.6492379739918,31.1781848462296,43.92827468259919,21.878368182527396,84.37348544231601,6.14756533972491,146.76376696609879,rice
77.42926022157823,38.39088043613261,35.258960805816244,18.441966991459413,56.24130793201019,6.674183334382967,70.48916363388872,wheat
29.273387836792278,41.709326141837614,33.110471775207984,20.561759116862778,56.07240452417768,6.468037669075229,80.3302377181229,pulses
60.97406958318975,40.908971113966444,28.030271423793486,24.002889304770463,60.451292537356565,6.598148403598133,45.59004259144263,wheat
55.799128682858864,30.383166508198368,18.59120363531349,32.48613421838692,58.64752222967019,7.8991444916706675,67.8033701689862,millet
72.76260028023351,30.362248127656112,40.130436457354925,28.117027028599555,57.0711494753012,6.687199521821546,107.39120073181937,maize
41.1613342431761,23.84103593836823,19.621969904979338,25.1080271332518,56.28610283449763,6.512824049555909,65.391079552303,millet
33.63444683024904,58.79742875627961,49.91327998736348,22.011644556012776,62.558383589646134,6.812609509997481,76.27245872086435,groundnut
40.37580957039598,19.794258218637708,14.123731974864247,33.07779639474068,32.91021850803276,7.4322352304095896,47.52201261304345,millet
100.08296707943906,41.75700791782397,64.5128823803496,21.575287334987948,65.23741473830484,7.14895497365743,211.6330045290502,sugarcane
42.53928359039537,25.7005605272354,21.02376250171449,33.93128850249455,40.20641811973662,6.76084122014417,26.938355763100382,millet
48.74776489620165,27.260079380998125,66.4344682477698,27.466522824133932,48.801824035373116,7.372439666235719,75.63617097367104,cotton
38.36512450770974,35.58095386335846,32.56267310493631,25.01739937259375,42.16441603218974,6.382821114953151,64.8250661181728,millet
35.52638021019424,18.128632174679662,8.769791081603381,26.24615809943194,45.895673931555024,7.3901168843613325,41.59472761366698,millet
60.862538362250056,25.555245281972077,43.84196490028234,31.175658448425445,44.58576210069192,6.717421696635784,90.49513467501545,cotton
79.09543793054434,23.809281798818354,30.9110015531361,27.23702891770834,55.41929368772674,6.555503752670391,119.94625085401078,maize
116.9422346942188,46.78464215346072,47.30814244652562,27.974554975533135,76.04025999859319,6.537574599671238,169.78791982964225,sugarcane
40.47963645324006,58.23474083492338,39.53956270027265,24.828907026201005,50.8419681010552,6.691085164813105,56.57820028593187,groundnut
34.87623389730558,51.3078670853119,45.5680382931856,25.56808367233661,51.613321770089385,6.639930710184261,78.7202868874287,groundnut
82.67300303229109,53.530735775420595,41.729622557005456,21.54962046218923,64.66052951936713,6.336062731067029,80.41279668450207,maize
84.9712239998642,43.034669008166695,34.09210961535353,24.424970092173076,61.82244552066341,6.167022986264092,85.47324805010103,maize
90.77378490092657,61.28936947623991,30.298504803485873,22.33691303285632,88.67892168160117,6.123462405321976,276.1528556826623,rice
27.37275189279485,33.021226010237854,33.543858479981246,24.888193836570153,59.96154123014984,7.547283924972079,34.533907875711044,pulses
37.58655379095323,21.185184660714214,18.18244523656615,31.63142174375372,38.54204955632467,7.278711909025191,81.99740777004986,millet
57.56471958275139,45.57708715262781,51.35843338265932,24.428548735934935,56.29219721723077,7.459244864729552,66.37537930906598,cotton
37.28164741092606,48.529833780485404,40.301783173457906,27.149507067968578,71.74589793161105,6.714529467316632,104.29113711907887,groundnut
100.65175036527187,52.459473093961705,59.65586054790241,26.842163720833835,81.67826525862472,6.383167681122199,146.83097825262885,sugarcane
92.31004211462286,45.3891320690146,31.549546720308488,21.748903517925818,83.72302452375179,6.351712013746066,271.49324446420263,rice
98.68228593965168,32.78005460263288,31.794315195335397,20.1811427137808,59.84435388093827,6.029501321054553,136.9566584042785,maize
113.31559385175869,61.22128019834907,55.877571374091616,27.102533147173723,79.80368884058721,6.8215505281115325,175.34232452960566,sugarcane
89.974379750507,59.04918518693884,73.94955605618395,29.113943496661943,72.23402194845409,7.163103522101679,223.0263725960395,sugarcane
72.56400879045664,49.7113629339993,34.665476528352755,23.765085033351372,88.8132131990167,5.783765578995027,123.4887867628204,rice
24.21235914948168,33.92922804923531,31.66021210562931,27.925790527561094,46.20732174442425,6.7509008121188865,78.6167608685895,pulses
67.32908557437534,37.12422919293178,45.89508999763814,27.288220842707794,45.301053655522196,6.417875396472076,64.35971036129581,cotton
28.386356689876813,29.690441368286905,22.946327628852714,33.85799209403485,43.31336229315066,6.829110426899802,52.550682928409536,millet
32.267889484948796,72.23893828123862,45.297162251924824,24.319097669305553,57.45321769310429,6.388674665739094,64.64089132519698,groundnut
26.101344681749154,62.40284333652915,34.69627162424197,22.360898582454055,53.777526829120845,6.534682876702523,74.45293476137961,groundnut
81.90247629292057,51.25590393967337,36.90653460279761,26.370325712672233,78.69037029466675,6.054778461373972,204.73048424006683,rice
81.33506717230706,38.36235895877798,26.579485083263002,31.904222263245,69.44729625039554,6.114479823459426,123.96490322498839,maize
36.47928791530295,36.852058707073155,10.844858103603968,31.148613406114414,37.04154210284199,7.354130704633662,54.47646854262599,millet
60.56143340244167,27.151302735069773,40.863947572555816,27.213687331766113,49.193134234502885,6.313798856461721,41.72965352694695,cotton
77.15779682588379,46.76512421372447,42.95993989687099,23.88425625603613,73.2163910876071,6.331198193485644,289.0940085665674,rice
65.63700051631841,38.50796002811706,19.734956694197866,17.64935944077443,52.017184134047795,6.466059787335196,49.994853773913064,wheat
84.98320417003164,17.649645021013338,32.85891977724539,29.833793376780687,77.60736230836312,7.032381715502626,79.40719443855609,maize
65.8725766174484,39.75961966541441,37.75426171812092,28.48498715913866,72.59078282785866,6.792960828297745,56.13626107715109,cotton
72.82683844767872,58.71934366519451,30.505547651795283,16.151421780027917,50.44507615420433,6.074210901549531,44.29011721396244,wheat
40.35351935644831,27.360494831083138,11.418480300545795,32.331385377826585,49.808831552160115,6.625920437578149,47.41217021024024,millet
82.06566503788467,42.59287641534908,19.429087426837846,22.658782224396408,66.68427736631398,6.934401532383947,116.65948333028814,maize
80.2650466708835,30.526948343101832,46.94997456286259,24.565199846423678,68.31311247545767,6.306340901354132,109.48499316733047,sugarcane
59.011368840377145,38.2270099402138,47.67540286126554,27.08539641101978,50.785174432102586,6.7017994041058,92.97484699645486,cotton
22.66913904629072,39.06186690273884,31.035043130310445,23.040205574654117,48.12734341535884,7.1110417445604694,45.17454419874589,pulses
104.31071064465326,51.547922445238385,27.05263362027146,24.280578151579856,77.69492029734431,6.4573554093762775,188.64858976906473,sugarcane
91.21279589746176,57.58079986940091,52.194954567921656,25.64214318103817,76.52669900879589,7.113538050731719,113.85515693394585,sugarcane
16.920824721195153,42.9477955412592,29.583441799086692,20.620838671608272,50.631401701465805,6.52646654363665,84.63032457272926,pulses
26.488081064285357,45.62669167962501,29.018535587866097,22.111563223427318,46.58988101857773,6.792775003451435,72.39468060559021,pulses
28.703058918343153,56.14117571138614,29.89860390385342,27.618315561909945,50.50280634789493,6.76729301061338,73.23088507516171,groundnut
49.70196504629405,52.10335450174569,48.79014097890378,23.173457009122085,61.36160405490603,5.463322783657422,57.568179766937526,groundnut
64.68385416110239,49.60293717653022,38.53963683975769,17.08671971143,56.722808573055985,6.536941615301783,41.977101852620464,wheat
70.4529940732739,38.236340495106695,24.465842055981497,28.506087755529393,70.99565612325252,6.560616248257584,128.64803939362915,maize
77.53474930558843,35.49977945089419,36.60966924099438,27.520924412372185,73.36339788403825,6.373769457418343,229.5094240932911,rice
32.23070345092241,67.64779847050035,28.42443582859519,27.700051720913258,67.77177760166056,6.431291525742735,91.00526141880265,groundnut
57.30494483319279,35.44518751145183,33.330945185111645,20.728658242348565,70.05019784097261,6.663357318906922,113.80600928887527,maize
121.98490252518022,47.32289172952525,54.79887618262189,28.447158711997357,66.98093878574956,6.283786220110832,214.33754795421416,sugarcane
28.637381235306073,33.95805885351069,24.74328700980517,22.385037819202623,44.193087660054196,6.274185190097601,31.30083666432967,pulses
34.247316168892304,28.660783022782656,19.739296192946444,30.499346531844683,47.85713539543098,6.322707192786838,36.58575467176922,millet
53.48903693678138,43.71628891880521,29.17111611792378,20.314599779285757,66.47297048792196,6.441675816764474,80.19900510323171,wheat
73.62364891023125,42.746084779920245,29.972122158905684,20.323484111596112,59.6916939052527,7.195859216772405,77.94418803242698,wheat
52.978672512571436,36.73294953083106,32.17583666038554,18.038931962841566,77.18180777815599,5.83393755366163,211.9558138192468,rice
56.069470624139704,45.939212221907376,45.51651714447315,32.28859592370532,57.053555992344684,7.1412930651476305,84.38186092176673,cotton
79.35460939018016,62.67929913579883,41.30274521472886,27.948218533069173,79.50352200730424,5.726022493433191,181.39532951070512,rice
96.4893317908935,32.380084761730096,38.725279488705056,30.63192263217972,64.02332889622886,5.4229826036770366,93.55781200265531,maize
100.1789429979485,50.1305392567544,43.5946333915892,25.381417590688816,76.06030440890183,6.765391817622288,196.14725391949972,sugarcane
15.823683605150322,44.84236115323679,29.604611773146694,24.89960130412793,45.60410257951229,6.2567837814215315,57.564445022103925,pulses
18.5284434199796,44.48239934760381,32.08012893615368,23.802852527093343,48.48205036794881,6.626095851789477,60.7712264068168,pulses
96.4075204661988,46.21714782635794,48.49849073165684,31.225346532739067,62.764752495026016,6.919143680111707,163.7689271770862,sugarcane
32.97447563684476,70.79003111589888,43.50934533933607,28.8078279239047,40.68738502821544,6.36577092808455,88.21103270116592,groundnut
80.89444006273348,47.90340581784704,17.737080973178344,22.44895732513692,70.47230330493905,6.054366089862253,61.73579872190084,maize
100.8578390536205,43.786393238380356,13.642173895961434,20.323824601592676,77.00988691061768,6.4607713132315245,87.13412206888253,maize
33.29130033693408,73.31300320577401,26.184276115388272,28.7544386756235,57.19592930548641,6.267579787411168,52.60313069575711,groundnut
46.78563117144259,37.31986083156003,13.002591842955397,17.297623388151262,58.492926981884935,6.3302149160872405,116.97197597574346,wheat
67.48709407552471,53.905305963195175,46.20949020027117,18.54394265358426,52.70845101490168,6.829770824953992,113.02876865986981,wheat
20.314410476583177,58.793391662842396,29.10200416106032,29.766732097758148,58.24197251884763,6.302325232359332,63.12289849591324,groundnut
34.82633232089838,48.35661820427004,41.03233862869788,26.796272136918823,54.99683946463815,6.761530275443808,105.77664784621977,groundnut
77.90992719434051,61.678876111195194,28.962593022179927,26.761777500408378,83.59700131895615,5.852381100854087,227.0958445854776,rice
39.9963874071069,76.20370249042524,36.39649089739317,26.378843411712708,52.714584449825566,6.457320467459079,44.51806605431393,groundnut
92.7662183928123,33.58061773857596,40.06339062362269,32.793021179787495,83.11539871312638,6.773285802642469,223.66080712692832,rice
31.084882775594277,19.098517018439136,16.621399535118176,31.431358613638412,42.42381897089492,6.575790937515797,50.77331844987439,millet
60.32461815178379,36.397565624078254,38.12580020871117,19.63596978590118,61.85328355389214,6.886068197091467,92.19669092701818,wheat
79.72306110905035,38.009896074849884,47.50652236861451,25.66707164341295,83.62181397353521,6.831359279206735,198.3048364886565,sugarcane
74.91672072246995,39.79411587144589,48.126012877536446,25.724979159462514,73.12518970178935,6.406164161160325,196.89844450577397,rice
72.47723270842748,39.28001407560212,40.077646823043246,23.642914480199625,57.88156808521272,6.103101164493845,116.02550891827791,maize
27.4894824694246,28.727185356717413,26.748775791027427,29.75222561476452,48.24192073045145,6.6627543852864655,37.31340807911159,millet
56.62459644318488,47.70707346447692,22.25764592222778,15.261366039843518,61.814288368873086,7.027605279096559,160.23027153073758,wheat
74.6895714572938,59.55045576270712,41.31485816805452,25.774686469968085,89.82359010834952,6.055291809022331,182.35511616300167,rice
28.141233979566604,57.702949467078305,38.20063769995206,25.264797285219906,58.391507141664896,6.428505886231426,83.2776153815208,groundnut
62.44939227044468,43.50807142761221,38.479254305972056,26.114776663909403,56.4514511836029,6.966111876106181,53.51787001471991,cotton
95.3147872676352,45.46111830892447,31.941154170590895,25.669849997032664,64.65853523018019,6.46515655808896,88.21566791940921,maize
112.4190740117081,51.87141986770216,44.21934469154905,22.75449967955246,84.73535922089609,7.078393671352707,191.3018230641653,sugarcane
67.56469667589556,53.76044369622611,23.119556166980512,21.571240689881233,53.91592921542908,6.275698334364901,89.44380512876972,wheat
75.43622507574607,45.500296181353505,26.39411233083814,16.33628278307866,68.57043631143692,6.7411747775020885,86.74934846253775,wheat
76.43556363017072,46.143700184768385,33.10842864028389,13.298468728243659,63.10779360681233,5.796073716921813,108.7949116458864,wheat
59.59657613465988,17.43853002782233,24.775529439565208,28.388228610687605,52.1354986434306,6.357665927139153,71.31065161660102,cotton
20.007148588156383,50.81735399744226,27.190065760115047,24.62616395164609,41.10787476020327,6.159066792305441,78.59484483626714,pulses
46.7957685315559,17.10459601019183,42.558912814778985,27.050903730515667,49.78963098911884,6.888550101590491,77.90346285630973,cotton
66.3268519869011,40.18758876134588,54.37776939916462,21.513761461797138,71.41672775514735,5.4552619387029955,221.16439786306677,rice
103.18170551696836,53.81690534479613,59.35950186685787,30.258977750619096,74.29812297747134,6.994469619156284,198.84742487743787,sugarcane
28.729304562759257,44.96656965269873,27.121914139774447,21.839112208083705,45.222098685389284,7.360147667127618,51.76089726242534,pulses
39.22352699300687,33.5579618614002,30.257207693757614,34.43498730132069,51.28153845383696,6.272169896852215,57.30742726738505,millet
63.09002356085701,51.2586961976827,34.76352238300109,28.609620800181716,48.60274062161885,6.581198111662002,69.00819384236121,cotton
75.16941244019223,55.288274933846125,64.53555151240889,32.723845480040644,83.08723973698406,6.430834297670999,208.63245326460702,sugarcane
42.819355032080324,21.39582023338398,23.539765072177424,32.16978917947131,38.851633681668716,6.653487872308791,16.61955219353026,millet
17.78202348301091,75.18265543792185,36.59771842241513,26.42328614648642,62.57159380413075,6.690451622446222,85.47767876519364,groundnut
55.26108776353621,32.328136775880054,15.21112577128139,29.745030597189754,45.96830351730859,7.6631515999932205,56.56276570050672,millet
66.6667411889893,33.28028407099205,29.066761421126174,25.86675000150612,88.22473689323223,6.027464224704196,119.93200623361382,rice
83.0346177796388,39.960422585893895,33.71933916274626,25.934358502910317,79.99003709935397,6.297641755591341,230.9281609140849,rice
66.47613977219562,33.60660350223041,46.382234254743025,31.262363860445394,61.90520590963311,6.735311598783501,56.60009806243555,cotton
89.96432313739267,49.201536358942604,59.27622896263496,35.98871728619443,71.53663275315145,6.691587974265755,201.5777709863731,sugarcane
36.09006645002794,66.99554469825827,55.643892351710306,28.278001314375405,69.0601651392658,6.706709716905248,114.19798511854768,groundnut
71.54392084556142,43.203885861685414,41.96776096656957,27.461585426252256,80.03129413887714,6.4084669022928455,209.36644832338484,rice
108.13773165303326,82.7102612221459,45.690216878610265,24.931964243347977,80.51278696920329,6.758893621191596,248.25486444612565,sugarcane
31.27472020504572,20.54518263745853,20.44499705963613,27.163851961920553,40.89238410360713,6.2873346592087005,52.56670847796906,millet
40.95526986958172,51.24599836024767,42.84554705690969,23.829996021403304,58.52135253091385,7.168360328834408,73.03027843946207,groundnut
103.60107268963121,47.07295835578513,69.08542042409334,29.60610802569505,75.84202992799615,6.732122924871018,221.31845418441893,sugarcane
49.08721908902086,74.48426554101147,39.50426229572414,24.4028664521023,50.640159111410426,6.790785660171485,52.56448884418064,groundnut
34.93459354461342,50.46448422694383,51.705388001667984,28.40125507374564,60.5246500335789,6.271250915924022,86.63393157429188,groundnut
81.89742901886132,52.77767389084925,48.07008281944471,20.14038401682469,70.76365722329572,6.600698159060603,267.50900373047745,rice
83.83395462929104,54.242481374551886,60.23192908400868,31.201097750643992,78.04040720460974,6.292542878015413,171.3589950460451,sugarcane
90.09712861735646,44.60218639435063,37.95480374499455,24.248154605589566,76.28129596241548,6.423765135903969,128.72552817408598,maize
78.75794546818635,68.0891454208277,46.40263154776245,13.121746534120451,65.7988373724496,7.068842539969423,78.5797504815334,wheat
107.01422239851532,55.058850645353594,78.01922247157432,21.880088080997165,75.24955035268106,6.939406442155401,234.1063767922527,sugarcane
94.05496512160784,52.5086898873126,58.206461576468016,27.192324073415936,74.1397987217338,6.17321873084072,173.11971229620735,rice
96.09538762619384,48.19343097059747,50.829010390003276,22.871687428321252,61.33534558665498,6.607586348629498,134.57312506736415,maize
50.297361940064704,21.789823274149754,25.563358914132742,34.082704762431156,31.854024241156267,7.206172460049226,64.37766880670159,millet
74.52337342834447,38.73012089799136,45.62904853479549,21.73690488051562,67.67672420600059,5.8940980896825845,110.72802677665132,wheat
77.47171982764212,32.84109075895869,24.365220521313116,27.057247105823986,80.24523808891011,5.791087887341068,216.1528425230667,rice
84.95279133915186,49.308210030078826,61.41647600870461,23.780754950846152,79.43878635464232,5.8744909087008494,244.63917690301983,rice
115.32315798972229,55.7733274178468,49.74018262909942,27.45476953445857,75.17447153613084,6.611615828602116,171.2544709320054,sugarcane
23.788390818206565,63.13035736887622,40.924396185315715,26.56950918305743,69.52861422592014,6.224881800651254,65.48366610533552,groundnut
78.49989163616507,59.81455547658973,32.56411771187436,22.53324994812904,83.01153095915596,6.537754076194128,220.45704222242637,rice
70.13182616233031,58.789540277008925,23.021014639243706,14.069109750703682,43.69817193812226,6.513078090101308,62.042354569836405,wheat
27.734139511329527,54.806051589788964,16.788188423164808,27.123413647971248,48.87891897257595,5.9464500152251345,10.968898845991907,pulses
77.1664228068624,47.811812052237414,38.42115534092449,23.787853224826613,65.35726624770773,6.603341213057626,113.9539528103246,maize
38.07543550095727,39.344727725315614,52.160848979334965,24.568380113165404,66.40426919925201,6.3507278816964385,92.23158730041612,groundnut
42.15348631062126,18.632846863987474,14.710233905142193,31.90622790305487,52.09352060324877,6.40717191551666,60.059214657596314,millet
61.68437415077106,17.773798308795737,12.443172773743647,27.128541516575552,44.17369267969156,7.347890255518629,58.868794130724076,millet
84.73016914348479,62.004203999102,64.84305684337323,27.56240301651758,71.9833286623253,5.98556601638211,140.12953735630018,sugarcane
91.33433528688039,50.68462067244298,30.784015312795063,31.013535357516496,61.97568566614819,6.429635688928019,86.03582765321055,maize
95.02833014885104,51.23094630441539,29.64003833885595,18.117463204591402,70.64775797359053,5.6360448474321245,119.26397830544497,maize
41.24371395495315,27.994135604306464,29.857089013119097,31.061251435117484,50.15194142824988,7.259637618460161,32.70476927101055,millet
71.03389768086845,30.008551086689877,30.294443992775637,24.519021418956676,50.14950746308435,6.227877190860186,110.42216248620514,maize
81.22311064847189,37.376765419723476,31.4079398142443,23.38701226929093,84.7129723164598,5.817749933039441,237.5004899447948,rice
72.981510380804,44.534127296606606,42.788642846472385,21.976321151129365,85.62141338728114,6.22520094733388,144.3221498675236,rice
19.11627513539547,27.509654034984546,36.47300948555964,23.33415518399324,44.0384202334283,7.169424937502241,49.49194014419943,pulses
56.790201596162774,35.04149158927216,46.95380915938799,29.085438833814948,44.14720119248709,6.183006156879376,52.252199559950924,cotton
83.51613151614187,44.58685644564351,63.26401328259826,25.11504004383476,76.32980135819341,6.7765434770119795,167.79295615795442,sugarcane
102.55036471381855,47.63750367376312,48.664464801700795,29.975683019101787,80.56104288012855,6.420774906343101,185.09225664623585,sugarcane
84.4202793524079,53.46583985843404,34.290563384782054,27.441291069898632,87.34235777994519,6.2931512080548675,229.37603570794784,rice
101.49565564486137,47.7918121444967,68.52329851765411,30.91419509946456,72.14496997658995,6.306420483354427,129.7316203590501,sugarcane
43.145127225179394,27.766878348159015,21.921750104043348,29.43533243612421,39.27024707910988,7.044419175829688,45.00312851174539,millet
78.50151015065468,43.2774646995195,34.673352586818325,21.277147481698197,65.29184604491385,5.487352172534789,116.3514135251179,maize
26.971506049141855,39.930943320438836,32.55398287582059,19.744165821014196,55.07249884863226,7.251554679842484,94.35881979034315,pulses
78.68318982043779,48.527201630263434,47.66822871784244,25.363533847898385,82.65382093955772,6.529501252750473,217.6286941589627,rice
57.82856386923686,37.21875343776172,40.05251569474288,29.66186051798597,50.33604893068746,7.048148957572543,78.844441240732,cotton
124.63242537895609,53.11373129121661,65.25207960231728,30.133475682151705,80.1755579981796,6.240792898634318,94.65819051771322,sugarcane
77.25553604707737,51.00370680697223,35.40485306531583,25.680987534696772,62.93983040872167,6.529344988069178,90.69316625148056,maize
29.251144324658895,33.943827603031025,31.18398078567613,29.41904523217314,43.05110727646173,6.676327370835914,90.44343833241759,pulses
33.67388066676902,54.92563653354411,26.077443477324625,27.384661753883837,54.39199016442564,6.904614029924421,91.82106951284949,groundnut
103.44063576475156,31.940063911682024,18.850620125070627,26.827780862699377,68.9383752955043,6.051792551740535,62.53498951619246,maize
77.33332763481472,30.29193705497342,29.844209187924584,25.940541542350587,86.1906328394719,6.998692356676715,336.55449864029316,rice
129.71799998030446,55.79269811898811,39.292382098264405,17.668535804641987,82.39832155802628,6.5615146068287205,219.94430893286292,sugarcane
64.55092902471162,34.032144215453606,58.36913528321314,33.71520150772122,76.14216685587328,6.052700417284788,233.66222203762038,rice
39.16012234955296,25.896904604437054,27.222692918152678,31.75541837238323,44.56521547892743,7.455195486178732,88.07724844141929,millet
46.64279490695431,42.50018337399806,41.650679627263926,30.589277360832725,48.48664014411109,6.870819739003965,77.04005907875263,cotton
50.99798946584524,31.759662091775155,20.16889946134522,28.672420603383504,53.99946268563714,6.403336436637657,55.88045597086285,millet
17.007295423540825,43.363827686614414,22.43054962561321,17.45638964058375,41.31856503911537,7.303473963121589,60.12989837276102,pulses
99.63976075441077,38.44869710467599,41.44735215059482,28.105408181295388,66.94719133120431,5.971243291382784,157.2612994830662,maize
43.77960811484241,25.913802235283917,24.78363536701568,30.050252127215227,70.43891591058811,6.975673466828371,52.92923147734557,millet
42.1327340615509,31.447028365075877,52.59385208830743,28.90914484879815,59.72256458389112,6.773981730912476,93.39492361971034,cotton
41.07695549058077,23.13280453461044,28.105945632670814,32.13920784555476,37.14035793065927,6.383182167240545,57.37895302034464,millet
18.86220900266559,46.446907397238654,15.757343678787446,21.27817950890175,57.688221412959244,6.649941764515536,67.12242805398856,pulses
52.409417063138086,32.532294765446565,14.881460016589054,28.514254139419034,59.50988856251775,7.020569846000011,45.98559402655882,millet
81.86515193202159,48.517564083992035,40.53155347577867,25.000253179274242,78.39220983228576,6.326597704669323,216.10853606346043,rice
76.28741145031205,57.28714234074346,30.38682166213046,19.6786211118485,64.52950206859866,6.280178951547967,61.930789193225124,wheat
71.51916052333232,44.16319643193819,30.772590951075795,19.818873468326125,49.292940709409244,6.918926114429503,55.05784592203991,wheat
35.55819244663836,27.316881405953144,20.169532229060273,29.08819597043957,42.374857342826715,6.645939503792157,25.312982418664795,millet
17.889555740180466,60.81110989464959,24.258101598971315,26.43831991715524,50.94736257149217,6.5319519766559315,64.19308008205628,pulses
23.824578550042144,37.201740729210776,27.624789632503365,21.792231191736178,45.303804871463605,6.142686997857841,93.66502940610133,pulses
32.11300020005963,20.667266378628455,18.47299367956031,22.93634815712432,43.340574106425514,6.627714634052545,61.75639651096699,millet
21.09567261546262,48.751373214728424,28.84820554522507,27.697365647716953,46.65540296815084,6.771444736357913,75.9186768360697,pulses
50.21559119958565,57.515579626129295,48.752574781667356,29.14248775851302,59.20076779178078,7.550854590132657,85.85014823345213,cotton
62.96097897914919,64.3530015664544,36.950019843213184,17.546257059760872,63.46075561380922,6.524766593471984,92.75989314030546,wheat
99.81955120151581,46.850633592428544,89.12001310477643,24.54897404777376,79.78759906181048,6.2999123719031465,242.4967262017457,sugarcane
104.69854791062076,38.00598174175965,22.276004375703074,23.868264676231604,75.16884211367149,6.357820204851214,233.18336377582145,sugarcane
41.41034096877168,23.800722477410154,19.696657784872166,33.913776257034975,45.0296428063798,6.702501364350913,41.5323925157947,millet
77.50810685915384,37.35458008052086,49.217462722061796,19.97639210509858,59.91843107499963,7.136087522248712,93.98244459574101,wheat
66.95961038296954,34.86238373360025,58.411851919710166,25.582679363782727,70.05370675153867,7.377904895060196,190.93889698939026,sugarcane
18.04538143979439,48.86809356968076,27.684731323468526,20.984633300067575,53.989267276968015,6.242513688810285,78.8690398494043,pulses
86.78923118932838,53.502124978585265,70.15408155633435,25.657609085380553,75.4434865786136,6.610105132439356,198.9936721296115,sugarcane
42.45928613195219,26.04767108500723,18.42651884877832,37.33793583431409,55.4400839107714,6.539468942600604,45.89577417943064,millet
46.32246101202941,28.552657771058467,38.77992476098312,24.628084712711697,58.519391733501315,7.278651147594804,51.838751353416995,cotton
32.418058975665645,54.72663487797671,27.294259040879297,23.582052348481973,35.08718374278285,6.739637203408772,50.70819029902546,pulses
91.28022277052193,54.68869602541885,57.815052847817796,18.39113992543513,75.09178780829075,7.031595456056951,121.13679851803121,sugarcane
39.47870705487447,35.021682524726494,30.2858880799059,32.96196928208085,47.699945110550715,6.397446805577312,60.779324380865795,millet
77.1277324703237,34.76502507378135,41.79275634956316,25.659990051915294,88.79593787620219,6.534044498365832,234.27484236598036,rice
59.552085648675494,36.66963277203988,34.422711125047854,23.77483411823582,82.19290561490459,6.0753014676710215,261.9735844217363,rice
100.50679251908349,28.175494277935627,32.65596394765548,24.74004944883223,73.67669113171075,6.520369752357416,38.681285248100565,maize
84.55460430067787,61.091698114921314,22.263895982068355,18.90465692043871,68.12412173186344,5.836665773767102,89.80238711566909,wheat
32.55457710958794,61.417106490138536,41.7831933040307,28.159483942794125,47.24554301179496,6.341735570721027,78.83922944188409,groundnut
32.870019860901,43.382079284423526,30.932194476693557,24.721179369953877,44.07386716988366,6.777483786454063,69.93984024909578,pulses
47.464134808409106,39.25233986182286,42.01234883265216,18.81028630259186,63.295772657014034,7.243797923049325,101.71381946265507,wheat
93.199755804105,43.67771343468828,27.557941211391306,24.042680208967308,83.08615597405263,6.119166701844239,196.88423567689375,rice
24.089940261440276,49.734408151448065,23.970315364798243,19.132539034014457,53.26681263553309,6.260131716796477,45.19981723250978,pulses
39.93305897824888,21.030253645217087,25.42438969580156,27.919760006497942,56.88125075950282,6.742082915840088,50.30762846024501,millet
84.27112532758612,42.479637463477076,62.66558691059342,26.919132490694377,79.2920627597325,6.800325253418444,158.04376759290923,sugarcane
81.99203598969387,50.97413412957782,41.366224077953866,16.65852702801016,59.603529299587336,6.453800448280426,69.09857212885532,wheat
69.29069280424284,32.01846642245166,31.69109180038614,25.171364796161647,68.97074427472585,6.664495217827579,115.9573586204455,maize
70.9552241149581,39.40346808747828,31.909049476120146,29.832226467388583,37.8999952313553,6.710871129697115,92.75913538800097,cotton
70.25347108512588,42.76414364253755,37.964314625301455,23.61079139043449,65.56090526986573,6.528469626516419,80.8514368096112,maize
38.73341438464612,41.87561147799477,43.41559688631348,28.71937436243709,53.98943845825377,6.012418817730321,70.51626768290522,groundnut
25.30146057366434,62.597569730181434,32.99328036781527,24.540732880402313,58.008377488660294,6.448489673475743,45.87806119564482,groundnut
94.09147190733546,36.640826906085664,64.55702626198436,29.220669190817063,74.70343788134761,6.4251890769559985,198.8100419548677,sugarcane
32.58090006509388,57.172475276017614,38.27947680418244,21.775673714966413,42.3698076850793,7.210789464300065,74.79032964664543,pulses
57.34459525370764,37.62619169664824,38.72422758788971,25.349724531737092,63.41659908818994,6.774451765950203,110.44217901706952,cotton
102.68431867887473,31.02507029145338,22.057225537328485,23.410504738805678,71.61738239696977,5.767649098954603,59.9589620033271,maize
76.4411485575835,45.665458158592045,33.025761766997235,27.96875180378456,76.10848188442567,6.512940136967065,212.37395769979364,rice
41.1442709555653,31.82013332056455,45.56205653089152,27.155890024282897,53.025409635907316,6.995196548321835,48.420856259027325,cotton
84.90351996176574,61.30099316404514,39.91279341690099,19.795041141224647,64.15728458677202,6.061064930181183,107.51807892148965,wheat
46.71141123611467,63.30397749107542,50.552314687321854,30.163163809012772,63.383899393315815,6.218852525848346,59.25498107468754,groundnut
58.88160266611419,64.84918786733851,26.533751593298902,14.032376600124962,56.11044695440763,6.668090683789834,87.44008233472259,wheat
72.87020053163846,30.539421456115456,40.7212950771387,23.411521872808592,83.16338105677352,6.208740858209377,284.07115565283664,rice
61.86052843652188,39.46060674259853,31.62456306707106,29.93505006794518,71.43636075696622,6.8313800523111645,68.76669361586919,cotton
71.94631667124102,48.12009471551244,51.55312036106696,26.82628441667332,70.5435524570095,6.321746691612104,222.88134292930312,rice
77.89465612519815,77.10745527218326,33.28956353527607,15.606351709144516,63.42237118597706,6.675596411755558,76.83211520134479,wheat
59.362457350093514,33.3142481673859,41.70946327951784,27.232530597272252,61.83391888461466,6.8924039909022055,74.70579418339739,cotton
68.06100216800137,21.817782871164233,59.680818226652974,30.35955025399549,54.68871972171026,7.058045075064449,54.690093979155016,cotton
34.17193081256219,72.74182223503769,33.67689077054221,28.22848201986666,57.52265215551577,6.268903033333295,92.64630680935093,groundnut
44.36053123375724,44.88996206285092,37.028906870500585,22.272624537627774,52.35847032856539,6.900842169803437,109.7498115584499,groundnut
58.18127192714665,26.232134093508744,15.346343124430375,31.231106108014615,41.23993024787722,6.202942078123293,60.5155404030816,millet
33.15355307609587,62.95230218643713,36.97329572380878,25.325804737360034,59.29924840674181,6.349615826981201,59.38968995224791,groundnut
59.44054567954732,16.92628897937911,47.15507969301756,25.21502760763292,58.88551167352412,6.287259500908534,70.6001307706188,cotton
17.067196611500204,51.368404939890624,28.705466259913074,29.116321066453658,45.79035488964692,7.038393671902717,84.4795519507875,pulses
63.274606374363096,50.31047200488554,32.98349747677315,15.642070176205934,57.68099507620104,6.579352464250576,70.819573286734,wheat
35.58871288815581,49.756233330620155,33.48024554667183,29.86971658028501,64.11843417381272,6.122678309119831,80.79663536446269,groundnut
48.211405444377746,27.324975086886766,22.942211596411294,34.50634544398384,36.56126132545141,6.62398686592029,52.369000232520435,millet
25.814933641564323,50.41722331682716,39.3904346238084,27.756816925429344,43.92151789170806,5.758799967388625,89.79252287744805,groundnut
54.851328413714015,50.294235755849726,43.230247357964075,11.357437886870992,62.76581263841264,6.975848802115057,86.17435309484468,wheat
75.06887322999515,56.062887100598886,44.28756438461613,29.607267975987977,82.91617218610953,5.7102123873118,165.2736320301734,rice
53.915725503745556,57.69856893055355,19.854630710095158,18.651819474685873,72.60066262086984,6.6954674097869225,94.26562696349482,wheat
12.593662409400853,40.8231161428465,32.1870939556371,14.309015823028176,42.18553205540023,7.1403431893525156,83.05394420811305,pulses
80.26315770767492,51.78450850318331,31.593904329993915,31.415427228166408,66.3640654881572,6.183973690425099,110.12398647964598,maize
22.530689830254868,39.50399412868873,25.682718546251206,22.02105963358627,49.182023256914505,6.894084779058119,42.71966804967627,pulses
58.97535876931851,44.997881042957985,16.56711657901026,23.67529998503108,61.5309801187665,5.4659886813280485,121.6711277130129,maize
52.93883620786512,46.8764455834413,45.864968766938084,19.524237315597198,61.56210425183818,6.412926122626137,80.40497685730637,wheat
63.50125029956022,42.61826256025335,37.33612509991045,25.696509668878768,79.22336390590492,6.388615409018056,260.50863271279314,rice
90.67908259679322,43.50876878361743,51.4924917474499,23.15055659218902,68.99747758667695,6.521998248938232,159.24759453878602,sugarcane
112.33343973340534,60.54956094719294,61.686491939016484,36.72377723093036,84.3272021792525,6.729951049762731,149.34264550713928,sugarcane
15.675527073876273,47.02157191022088,29.725427610341164,23.38989887634799,50.28503770792453,6.803667949180033,89.07217806217085,pulses
73.43154750648041,56.57376120232497,24.523551806561596,21.950724595244477,77.29886041518242,6.384584060945567,93.4392581296527,maize
73.04513697115551,29.075873435991042,55.09099803734006,23.92336826223095,63.58606265431326,6.637546541811606,49.42991518117461,cotton
53.68881248290296,26.46566969365545,15.393226641611385,30.102473830622365,24.14107576745213,6.357519348271712,50.54665588739464,millet
17.922955527489343,42.26278131599664,33.999711773777015,24.442777603183732,53.675244426736676,7.801430886269335,76.0544394341007,pulses
99.01295018391724,50.67181109653981,55.35979629014061,26.947698309152972,77.76142661143096,6.669927730808323,97.48793893544394,sugarcane
81.0858773795345,47.28228330138905,65.1747403753392,30.63053383384501,77.7337832472059,6.08504665538033,161.46231992651988,rice
36.788919251517655,64.61157213717851,37.07276603890036,26.146361315103892,67.44981411531994,5.488524398621857,91.78701003276683,groundnut
22.474930923968355,49.60955751474794,21.862882884415026,20.98206154643152,50.83890612753509,6.880892299658365,63.24573574075801,pulses
65.07592031985868,47.46037321952219,31.977547737933826,20.7489343232237,46.134327174328135,6.844800020164854,80.50783687143597,wheat
19.13583628184229,53.62748861126944,27.3810931298099,22.923082010350484,54.49475534590858,6.460576530838129,75.2222776429016,pulses
15.700925272064495,43.71503087903385,27.55795407408342,26.51457352755433,40.42639905932388,6.469141128978058,48.82807159842652,pulses
22.455068450614345,49.199122914535955,23.318383010310736,22.6715572711788,58.713097471306895,6.784444297448452,87.45367406282625,pulses
60.40336405554691,32.501854443146776,29.143966253997444,25.2386327312521,67.54565157651066,6.953889325834093,43.52823397197221,cotton
41.69538228499301,50.650415008638554,38.007722352449576,22.610613805111846,52.8131326910006,7.103244366485736,81.45849783434265,groundnut
42.36331598672489,43.617360157247866,43.197045489280576,26.043169079456696,60.78007447946468,6.19209121969856,107.6627027972424,groundnut
31.785626777530148,42.54342352917993,24.042525756616307,22.0570477122991,55.69568137074723,6.86273114193167,72.25852467077983,pulses
24.896275342654075,44.348918364142264,27.56936896961646,26.53989721837277,45.80097193486368,6.082008056475359,52.78380208587239,pulses
53.51858096352812,33.053093768639314,23.79703479410965,31.135400817878956,44.29632759215058,6.269438134326433,46.75741665017052,millet
54.58399698566079,39.57676578878785,48.75730297612357,30.59745100953946,60.7076836995559,7.035494249152459,68.0316518268444,cotton
75.40380733652576,50.03108550185637,29.00149329372386,17.29251191347544,58.526594027878225,6.391937948265162,134.28353105669208,wheat
102.68757661901311,78.57473075464706,63.61349691422429,31.819083451892155,85.23403887115174,6.747204014597807,145.37814799292624,sugarcane
36.539984075238756,29.320383333920876,29.422740828643338,27.37006655274879,43.719836757865025,6.614864475829732,70.97130173099971,pulses
68.02074669524538,62.884442493182526,35.49363707240295,18.11168350926473,59.28962841829999,6.501518500648584,132.9698750762465,wheat
27.991524531027885,20.58395259886137,19.22107896996468,31.164410769924537,47.5974532258308,7.458552905728016,67.22742947870526,millet
89.97594992042053,52.56783781513857,39.94729098193854,29.099019826058587,72.27857511183583,6.748243243529714,161.7432881924644,sugarcane
55.88882142710273,49.256558915227814,51.964352121613885,26.080380329358317,66.48872206082063,6.124608435653682,92.51489086179176,groundnut
51.58170386619256,35.04810800044837,22.132257264020577,35.886016991526745,44.656471336346044,7.376651775821391,43.23153666640359,millet
30.824298173868563,27.57281930700346,26.78832057174986,29.762387877035966,43.378808053598334,7.086720176607785,19.572958717526827,millet
23.804754253740633,58.85315951473491,39.919864839069604,31.742976225811347,55.974170379060425,6.8672013541306365,54.65823193740049,groundnut
26.10705132233668,57.52616380363531,32.69084286043939,26.983318686542656,47.11993314152071,6.4037898354998815,60.93698252564656,pulses
62.26759455744372,49.39748153598713,26.424299581678248,19.36507116104256,71.56100765541227,6.469057528071659,85.07785753240226,wheat
32.60661216648328,28.380346628426718,15.49705501460554,29.817266480852147,67.84206766303757,7.154936378502379,79.64943503435646,groundnut
36.21505186631433,48.38421115576438,51.822690400066186,27.464613919200715,51.54309183486942,6.4378045973470295,82.4803063721121,groundnut
58.30125516420261,46.05023212447141,61.765947982456964,30.15204537282603,45.47725209465304,6.996242760982355,87.01721807718386,cotton
84.76389565398608,45.60385928424417,26.973478831655356,24.84640866455021,81.60135218071596,6.919024466657857,255.7685331405364,rice
76.6024299523173,42.96930919102198,34.04507040578498,13.137259445075545,41.24525353264901,6.87710632049011,65.37512680688896,wheat
28.198402931153094,55.922656001431776,30.371198280836378,22.89951340561878,46.31893176118575,5.97328830497704,107.14675167999613,groundnut
46.244328875972,16.309852972177715,27.44982357739244,28.772249080169452,33.77847458077528,7.697468411670349,48.989860207862705,millet
93.53622628819163,22.19262154628077,25.033613100966736,22.231340674314197,89.30589433360164,6.313034793167719,250.69268961844907,rice
91.3370113635584,47.26029033039141,39.35416087256137,20.490971996926742,71.03889513979234,6.182172498135356,34.51714412681702,maize
100.84578379046324,32.447805805829795,8.083735021684166,18.699114305609836,76.37301582465767,6.13949802427207,87.47826145204662,maize
97.94159947245616,57.361442622610554,41.34347912304176,25.230356005338585,71.18218282264482,7.308603712994699,210.6479436148655,sugarcane
52.218761581394084,49.803298579000206,41.48320620389484,30.327256901349728,35.65108573843428,7.310588353112371,99.37527489309164,cotton
26.285880915529045,43.80613531856009,33.2951429653982,23.601198501440876,51.65352057996819,6.1214770581879545,73.8666479296077,pulses
47.30772251222819,58.4062202849121,41.64527136708804,28.70194124856632,66.7429729447417,6.71344203771892,108.38926945629908,groundnut
110.87986094719939,55.75347331807569,65.06623993724928,25.954239102135038,73.15952249132644,6.820691307617512,194.92565956693963,sugarcane
75.44232185852125,37.47108082771379,31.056539539224712,24.02121398493088,89.13742641842252,6.934954670195008,206.5624309983941,rice
95.94752708524388,53.56793982566527,48.41820066890062,26.66234950397228,93.63826550173043,6.117935324453582,139.85910831733943,rice
74.93406301619156,51.183479133882045,38.55781454556186,17.538944686913947,71.63240145165966,6.317411542310111,118.30586430448119,wheat
89.48377228876227,46.75978855806923,21.75038345248332,24.02751974454639,64.06986683751707,7.036860263427306,167.7348811103772,maize
27.877709941881637,25.526565612731947,42.09243818269664,24.585660450644994,55.575349299623696,6.642583821335194,31.603636846059594,pulses
62.88135778155569,46.744549884804684,39.07918598781229,17.684327597247385,56.83804683997223,7.086872500283617,87.14475270555408,wheat
28.55931628422466,51.147869898724785,29.461553167624025,24.58585016466375,55.96502885538737,6.78022765542674,62.43215396124267,pulses
84.13185603203688,62.97057196491159,46.317783274215856,25.70366471864096,78.58555956511088,7.396394751955455,165.20609553016854,sugarcane
31.216467703448735,40.154881986733336,30.159805082857396,19.15236611088804,48.36046186910692,6.449523852349711,57.74805277083857,pulses
72.30905341321818,61.32052288414178,16.24561684969058,22.77135689374807,63.00049721513872,6.931137342298073,59.50310637896196,wheat
76.69829298527979,59.94941311234396,31.34168884306757,27.904835063774442,73.58565114192098,6.0660459880056905,226.51012260420023,rice
67.11475363515589,51.02031297240574,35.631909730720075,21.401041436270106,57.10983659997244,6.64081378872117,65.28432126413485,wheat
100.74437173286711,35.131429215717624,37.5472215405789,27.332012728185234,84.1738303723331,6.049537571507961,214.64708141935836,rice
53.551396933626705,37.723523548012366,36.23940535889422,26.141071050957965,47.658328203997925,6.324644458160692,91.28418977716018,cotton
106.9357848827548,57.91498932084825,44.91619589556781,28.932445011455947,73.59555919113883,6.727391226718632,172.0386330337432,sugarcane
70.86421170300463,37.04658815533965,48.64873406502112,21.358502042408748,62.3753269658889,5.961278980488173,95.26667194311551,wheat
85.66325504350274,31.9087401505896,30.541370064501677,23.91594664531277,66.54545263850558,7.18261012285616,94.28681664376293,maize
44.29453965278294,43.61131482246918,19.26394267331168,29.642624898851007,50.94885600079747,7.722666334098982,64.62451766651202,millet
48.57353389785964,44.77050071819288,36.12001537367305,22.90106232290441,48.16044409393421,6.666826740209981,76.06743259501957,groundnut
42.29274837835141,21.18058403572099,20.435438483546115,28.567744135776874,57.913968754999175,7.173479757508019,60.04735131374657,millet
57.54279226337801,29.803170323241353,32.46694737654837,28.75961353088605,62.16174721780944,6.909328502614749,114.77663332828848,cotton
105.08491765712239,46.302992547912254,52.843539988358664,20.44078067994855,83.81244319154135,6.779323882302552,173.72919023753053,sugarcane
23.8817054442369,31.517025081466443,32.42923372031445,17.910293913273176,51.18627685433269,6.209397762790981,49.70646136755408,pulses
32.59907925611989,43.7178929429425,41.42121101297042,24.753522007282413,50.379706669634515,5.8083469783432955,48.72392999588658,groundnut
31.928392615270976,49.70334356730898,36.89521882602326,27.67918139750387,43.81729034288188,7.299588664976349,38.620898188779776,pulses
76.943939605782,50.87962896331002,36.75667941743956,17.22388229494281,71.82623148572847,6.139723126514929,75.31698093090553,wheat
80.93126260131395,39.17293177713184,64.73519305644649,32.53234924018281,80.36234999588639,6.445241379739499,206.81643883975994,sugarcane
59.01850408624598,54.07263893735468,38.09646983516595,14.538975250800718,61.26758440399788,6.908962890144189,109.42682397477246,wheat
43.36664473408558,54.69815142854147,32.16484666477785,21.953973030878128,56.160006431777745,6.097188173659814,84.10462183405956,groundnut
72.05799970640095,48.08547749602018,25.516409521645016,19.7804981189633,73.16977831375306,6.085161204173555,97.73302729373631,maize
55.09893365345929,47.95931415561151,35.87718203659207,25.33539043517675,48.98147475583706,7.088805826596054,93.746060349682,wheat
39.66197152526479,55.815302792314895,39.7408697857485,29.31255014650908,53.2791163827405,6.343886484903761,58.21483759723397,groundnut
90.88512194860283,39.127667814142754,49.846435113117025,30.112045222964962,46.92827217929398,6.622439345432498,59.87661466615332,cotton
29.248423745043493,52.35228229095266,36.65291944307261,28.435277295438077,57.09944074425607,6.035637114320018,76.55629677409752,groundnut
53.62244269141273,61.30425287980165,35.25676788536581,28.05514689095154,75.10539576388166,5.748145563806283,63.15035914862547,groundnut
27.181802181192044,24.79584398390155,27.77571612970559,30.48282640984815,43.402641606617145,6.464826491171284,76.36649700021233,millet
103.23548070828929,49.58080288757671,65.17265391119581,27.68816298447738,78.35455999815011,6.343593633604974,239.28181842668724,sugarcane
29.04833236750144,40.47849577415291,33.26359016510004,22.343596789211812,51.90431503293102,6.390001447436302,80.55900096822077,pulses
21.491583536593247,40.954063163384475,42.24296048594722,19.0395960500675,53.407378383888876,6.799357626018616,71.00484148414186,pulses
65.91106514430557,29.063892600882077,31.461924804531424,26.954891910297782,55.73221151391089,6.051137799026641,47.01681418922728,cotton
113.30239493198806,43.21650121158856,66.15113992117475,27.773087163829665,74.90025142815156,6.903265686891269,193.62568868865435,sugarcane
34.68333828022041,54.695728350973575,53.503963531747715,17.497265652100346,50.34444520808717,6.40221633711672,58.28859530168994,groundnut
34.674029137462455,63.67979934348261,43.60983508417466,32.68938534558491,68.00887585849743,6.979573609900342,136.00171871828653,groundnut
61.15131367507809,42.55532694832218,46.36602283012701,31.685183105003155,55.063952236390506,6.753866002077065,91.28624372494365,cotton
40.33904982956901,22.98325238424194,8.84907237355412,31.35676236810658,50.29020087106436,6.00913375044945,67.01798673045828,millet
97.3284479977055,35.864914017518146,71.86877545650647,18.78356568917,75.32180906982938,6.351920618178434,185.18626072549952,sugarcane
27.483450464434398,40.12353718189092,25.15306568813104,21.938443937390446,46.06226517459514,6.116747775344454,53.27308851465304,pulses
92.54638729747616,56.87634392721121,42.02775048252367,23.498916767809302,84.42580556272868,5.988832945070275,219.94429394226606,rice
84.91794148794432,51.16134668002238,18.920466582225572,23.906685243206617,71.09894967755262,6.2144239707191185,219.81468111102618,rice
30.020536187325327,49.20051287987152,22.477022745282532,21.14259187117599,42.77014755242944,7.410527719216232,81.30818769627095,pulses
39.76598325369373,61.76137384776858,54.281022415727115,29.024150788581778,53.24883736835412,5.998454966552995,52.630171329552276,groundnut
105.35144736195944,32.550170612743585,24.943313417528714,25.84870618965994,46.38320162443752,5.555522526197778,101.57799797447865,maize
85.10810590564556,34.64744433369422,18.30034092116678,26.339608837568328,71.02297733719104,6.637269724009068,63.777965112077545,maize
27.936224751088204,59.14423329478638,41.751510776573085,29.195838115097597,64.02241458353417,6.828761182473063,92.16792382918246,groundnut
39.38470163265713,72.72789923091044,44.63947073383427,21.444904557380028,46.92701258393176,6.240414089869234,74.63533600933467,groundnut
30.242597524337175,44.523995773706105,36.375884184190824,22.414850446386705,49.80644089414916,6.474887038127316,64.87316227036128,pulses
90.00976279059405,44.49183082666206,79.90676601133575,18.562959019481937,71.98357192710847,7.69251548366382,200.68087257220728,sugarcane
51.4730688536518,37.076334124572305,47.58246186997227,29.45536767660874,57.695653408481526,6.4624760085901105,43.002651754085676,cotton
77.37124526028477,57.538550699336824,32.9911792957047,10.557874470046375,52.02865099198088,6.993160773641079,20.55014298178569,wheat
73.93867106406834,61.17574196933156,78.13363879630961,25.891633986528756,79.75087660455786,7.0476348339404105,163.6623784184768,sugarcane
71.24855676351606,40.85526934164142,46.33910377733742,25.008979873599866,83.70104988434169,6.468031696880876,205.00634148409563,rice
30.06878097557602,16.07517283971545,21.43495210746343,31.56959834180925,52.22701678784644,7.1485681201930475,57.973789786141225,millet
36.17500138497455,40.5753314915434,48.696697514019476,25.68676687659298,67.27040688507209,6.319545528863353,77.27600582432044,groundnut
87.68333670703714,62.2603390991068,12.063560369738052,17.047684335486952,58.68279177964839,5.799160570909211,92.3545764558078,wheat
46.765402947626576,13.352115276415955,17.713068153785425,33.02905721555646,33.38837340501382,7.0145914173920865,50.989617546590054,millet
62.15244239635694,52.15302629941512,26.803768696695947,20.724188530553956,50.37842731279176,6.38545354565393,75.34870900061104,wheat
55.303542668193515,61.589495823769,57.85950738511892,19.09935343971465,64.66486508526195,6.302856092441776,44.74466697282959,wheat
32.960647602728756,51.65705729165694,28.469906084040833,27.11976542492142,55.98353783057506,6.593364254546158,62.01362260818056,pulses
81.10578952981338,49.69804487391745,36.994221431352514,21.054270462147592,58.155788376731394,6.3434808611253635,161.7839712400853,maize
83.34291097414167,45.139852218652926,43.36583126605435,26.274897692308446,72.31516533647293,6.466629067443813,180.71922320678797,rice
86.41488940865165,41.47841194034406,52.834188884447784,20.986470848835953,67.76911205458329,6.51120887481035,84.56934604453309,wheat
45.86168754215485,30.77298725887747,28.676624659658827,31.70912364456809,44.706342435048036,7.404555953127528,66.09513928942485,millet
62.04758309973683,69.22946194066577,44.01883809313938,18.29281197748632,52.475758275990266,6.288291077320043,91.83188286464241,wheat
28.952321722102546,57.6303419187989,29.212284374260715,28.189138372247708,45.10723353296706,7.005638415740684,73.8040580523749,pulses
104.30263393968255,20.902370942537193,19.764025632688817,20.903903264515268,64.49344112231232,6.153713285741516,151.9740914508826,maize
35.569878769310705,16.58742402374341,15.497748150041126,34.49526082695097,43.34720591546003,7.252205834278049,12.818652231487484,millet
56.02206284246752,70.08755386185139,27.324577974865058,20.247668781602563,46.50121844469319,6.12789412509198,127.9092161681334,wheat
84.2437008497718,54.27636218879745,56.157111092382806,32.2786418083479,72.57910477665696,6.3058946952958665,146.0563677858361,sugarcane
76.20508889187701,44.83198842495711,31.4695607242642,27.638193924588485,85.88895967714474,6.226412279024487,265.0896482787213,rice
80.1373452690976,47.48787309801083,40.44212378104198,24.391258045613355,76.58786401305856,6.1395792489572285,190.15606973389947,rice
103.39089383653038,65.92728456019569,57.93769441215603,30.53801342915762,81.35622040384415,6.013103202605293,141.42520397577664,sugarcane
33.27549300269935,65.71631839889072,25.516434365133502,31.900605928738003,77.55280241861095,5.317464988231968,78.04993542166486,groundnut
26.793088266630363,43.196223722398095,34.54582697709446,24.413201824548175,52.20552586193638,6.973999229106731,67.41082538765582,pulses
71.41952180977252,41.540799921488684,37.75527832598564,27.71448090446955,59.67950623710701,6.674950786767859,86.47573119588773,maize
90.79686161066275,58.80923463199198,59.772208803829656,26.873085822982205,72.98771826691178,6.576486939367693,153.2216355585904,sugarcane
25.764203827889382,56.07170052934847,28.990847728638286,25.759413020575977,35.66373715292937,6.511854794543762,65.49839517936931,pulses
62.71656995153393,40.92679446029004,23.8531547236167,24.257980442242875,58.647651666409175,5.860136661662263,117.02895081130693,maize
86.28167429809118,53.00714541817728,46.72101007454546,29.071671954822758,84.34700860877344,6.708933360451331,115.1520764727269,sugarcane
92.67836836992097,43.50394367398336,61.51003266264999,25.771603342462896,71.34457719838196,6.4669747274086555,191.88574181393145,sugarcane
40.36809941768801,50.47559660487283,48.73525148609482,23.723045408020702,64.22347376022034,6.243917882333388,86.9911589726412,groundnut
123.95541789776473,51.82389214723876,75.3713305053651,23.773740730143544,72.46100925583085,6.135239911360075,188.76041854326937,sugarcane
84.9416779598297,57.27533693625799,62.04782330100062,22.828462699108215,76.86753472193263,6.0023550657124884,178.1395229175584,sugarcane
17.24149835190526,36.73375018130598,30.308320022617117,24.104260125742616,36.380875018471755,6.898914947200266,50.25027842123065,pulses
12.721421802709706,48.517659107317094,15.188819252570184,22.319459819904626,56.83394388254793,6.9489181224233505,41.62861137868506,pulses
44.07294055240775,33.04669367008771,12.722656192748863,29.627001537453296,46.567456515551754,7.3322892256429375,44.84598358399431,millet
114.31941690478459,58.091174883856006,58.08464798975193,26.133282357442024,67.5671072248744,6.177502002933921,191.14257293011568,sugarcane
41.94454318756675,54.12628729506833,34.455355584094335,24.09429790663301,64.7028267909451,6.383141274514924,59.07635560538823,groundnut
36.60251884292603,26.549228291972337,51.274938966718445,23.20450440396015,44.05501722997356,7.516359428493166,57.27007900303492,cotton
115.89630416227352,35.01889658351953,79.2105014841251,27.600015924654766,62.09865871621094,6.463797561987264,202.8881737323029,sugarcane
58.2623761063784,35.737416860214665,43.488316193094505,27.905935897970494,43.45242562450528,6.41494780996562,67.01329525857005,cotton
42.65614237551099,36.09498656551508,49.87883342019566,29.58009412631373,59.537365656157554,6.026964391623755,42.77966144185061,cotton
30.541924932213476,30.998276281231437,22.070572726802727,22.31565445485308,43.98132130026545,6.582453241010565,42.25249425068261,pulses
63.75108163754191,20.180616680088363,35.54743448126624,32.05504411858032,69.59903214245692,6.313737452611215,63.412169251746114,cotton
86.76128599974885,53.358456728858236,51.16482131829366,26.443167195578848,83.09319921621042,6.320494632474073,207.60138917428273,sugarcane
27.874745307778515,56.33866706747481,29.771639259347946,24.662194509337613,38.44416527077688,6.798209432398014,63.921693121811074,pulses
44.507428236557566,30.913323527575876,34.26297587282199,22.820179956628664,48.63456926663531,6.381163311693418,81.67573090585897,cotton
59.532173407813794,28.84341660679322,44.82066835525525,23.431843911490958,69.17627829089716,6.513937614643254,230.8947902109696,rice
23.960154672770436,63.42687203977263,32.71968888639082,28.727184523415293,56.31230176503455,6.224081660204237,112.18329937655166,groundnut
56.95659395082078,28.297413929778802,52.03025459045411,31.711151625527407,54.59530078853256,7.323166249511935,30.599699360568483,cotton
121.18911850954348,59.369665419143416,60.855535361969245,23.484724944350166,74.39996835173328,6.512147539233034,188.83210409695064,sugarcane
39.50493411898084,16.933631180300168,11.931531522101523,32.329696655134725,44.52203056831645,7.338415448032027,41.99548626260976,millet
29.46686857073592,18.77963891944789,16.81599866156544,33.40748954655039,44.73499152510392,6.657677905192147,68.39802118409894,millet
30.68048657125808,61.15949937148074,54.89993737641898,27.415101995187893,62.530851032565366,6.668861991280283,50.78046785289719,groundnut
53.31177484029693,64.38705482359231,33.84777871956259,18.870121189450607,78.60623833505348,7.106576040235762,82.33585946782355,wheat
100.29266376496945,51.600928466435505,38.368418008383195,22.590404252341283,63.66579412798411,6.599906221463249,121.74488112044321,maize
35.36644012380081,16.940293287338783,29.74871023939877,37.46776250707008,48.57936568961903,6.238003952634945,38.402073247356846,millet
41.7505549683744,17.26398881558829,17.98976586358809,28.44346406015647,48.71559965996337,7.408510903209096,64.8660003624725,millet
69.83696623215523,55.04506718589227,24.711447233542877,25.5032562978674,73.52782103794507,6.453907417681997,112.83409975458915,maize
55.389017763381744,23.056465156428693,21.75026605456464,35.98423925522734,40.59987537301956,7.807337674464485,50.07984509940661,millet
29.45157951825358,51.54422202979018,35.69337288650104,21.174954199902633,59.43489850154463,6.502567099468773,76.76302378769323,pulses
30.435338385170795,53.118573148619035,31.903767992667714,28.498853622868054,64.77388995352852,6.695578361649379,90.75059656387887,groundnut
104.85197576425915,36.26949340431358,54.257658062906806,20.542902531437147,79.44252812476854,6.399914056497495,127.91801396238515,sugarcane
93.84488902822581,66.92315156117813,51.43042689359938,24.95979253791477,77.21763456648281,6.765538954324895,164.53504761974958,sugarcane
47.128200996396195,66.21911069074125,35.31852738778667,21.80938127215164,61.678642451718616,5.473028699917,102.20308231765355,groundnut
100.5856762834684,54.1541883029349,60.839503072936495,29.543554878900373,73.88681032288169,6.2063805907923255,157.64983333680425,sugarcane
118.40936719963288,41.497926248609424,63.75798728798819,27.203909913490875,68.6597042871835,6.072387926532595,180.4168855687021,sugarcane
89.48962065414787,59.98374440296732,35.41159506850699,23.725678816620725,83.570386119349,6.101695399994839,258.0821461255956,rice
45.392185618529574,36.508986367772614,8.024554483281241,34.55816302693653,22.824354954992575,7.368999472526707,49.870270609816394,millet
93.70593947287905,47.31813394320888,24.683306621931226,20.864211655804578,60.458222853978384,6.051671445727765,133.58597805958743,maize
63.56756290308358,32.564177538027785,49.46461021245187,27.819723256734605,55.10062801881467,7.062727410688055,55.452645186817364,cotton
26.319264178140195,40.89202999041555,19.256693883288616,25.80833937478912,32.622414881155294,6.478082929283337,64.0169321446989,pulses
20.529215096615864,48.05570426787847,21.945873975202794,23.04410547583831,54.57932466050555,7.063038227723598,51.244980358083986,pulses
41.065250094196784,56.63070207932701,47.789922347450656,24.322290699815017,58.861490555959755,6.140908942768675,87.95969115125763,groundnut
31.763179240921765,20.64763445423056,23.420205176504137,24.431937930339632,55.196725323050714,7.212096557108678,63.48846607716665,millet
84.19036890103189,46.7601522450357,33.36744387961252,16.525033155103547,55.35478877803532,6.777868244651364,96.39767125260558,wheat
91.28347357860306,53.65968638417153,42.1160973279505,27.65918187870386,84.4538335449691,6.680122503303729,231.57436627828446,rice
22.83388939164225,34.257968405739916,34.0289093700557,21.30882454730661,46.748966282103446,6.514968461085166,87.23861475435464,pulses
85.76172084069933,27.554140130258073,49.274384815581804,26.36326101464309,76.4478465779276,6.01139007702002,230.54868817426077,rice
23.725044899531667,61.07292224986444,41.32764251921641,21.062650505557265,60.81171889265585,6.377396421043884,90.3282856550881,groundnut
73.45862875708389,47.47625875015517,34.65937103164445,18.235796118345114,54.57542777205201,6.712851749552575,162.8561162103855,wheat
109.60531140847466,34.8636373928509,32.32964160905195,31.178030169054725,56.54090604269376,5.540874200040089,148.597703938617,maize
69.66300309875162,43.39699883978011,39.65480351445663,19.42980890197194,60.11744111911769,6.184005458452959,93.24824635415185,wheat
97.01078682504483,42.768197293308205,19.196628655556914,23.06508169815084,59.03106813645819,6.647870302677796,145.34554558451555,maize
81.47274030078347,64.5824360573656,41.13656736779404,21.441186546623182,70.18059282449349,5.96739089093345,56.708970834613375,maize
74.20027917787104,20.271710661657238,45.94320156381097,33.983285484043215,54.070405725121965,6.106679582140768,62.08164071178805,cotton
30.10892876148322,44.94320190472686,26.74688838954397,25.240028911726792,48.66234530418398,6.233735464037715,98.26057480609288,pulses
121.47215670891126,59.08586801613148,63.48159992506507,32.38269533798576,69.00662832233914,6.596909487557727,192.82179391269213,sugarcane
44.44160588335065,48.318208469986175,44.0968098974487,26.05776938289515,52.808065880823975,6.209076898273067,98.46190299023239,cotton
93.37510933492852,48.833771131824705,38.68862469796655,26.046327682138884,91.75506280063149,7.030792211621502,222.77524540531115,rice
84.79729072068123,35.94520944639939,36.2183744596061,28.897684893358196,80.21868014469287,6.495006227386835,182.65529279960492,rice
31.801614148035988,45.06190667537295,15.97955174185567,19.68268311435408,56.10667289907592,6.079899431885885,59.1195334054349,pulses
71.06006291502786,32.368641037332985,40.78662725354301,30.935778590994893,50.69360723746681,6.784897986220588,38.37378436978015,cotton
72.5978634191039,39.79293635893766,25.31265431638732,24.804488342865948,57.395710342514064,6.2280239648466775,123.49445979669602,maize
65.82971905367776,38.19999221532741,41.43656241267869,15.974658143569616,63.23163216588489,6.726184167667637,135.9056459932505,wheat
41.60374176861001,25.72744326806226,7.890535485201987,29.75880481828238,39.653995404363435,6.306776010903722,71.51027427109284,millet
80.74726291977214,30.025333071101404,21.541388145671785,18.63087387325844,54.28098750481992,7.024810104887965,82.1206402528694,wheat
22.320444323070326,28.388453550942444,12.726739857519402,30.397709129686955,47.96790579951642,7.20117641944626,31.939746292459112,millet
16.01112769350806,57.41893605329979,32.52846544229124,24.359183317682906,74.93363393059136,6.83001789647452,41.55821470819942,pulses
35.883209285726814,20.934945298716183,7.636826317254125,33.861276779840736,39.86694048689587,6.499280610122402,32.300424775809866,millet
108.57003724123551,55.69998484998947,22.015811253648977,22.943204895150693,68.84267436705103,7.312761871096871,154.40297611141747,maize
99.20917935993793,60.13896834102756,42.34507158111714,29.1391426956136,73.37302342740033,5.939439267030825,140.65508186424736,sugarcane
67.92554701067877,59.64550682239334,34.741303050438276,19.5920818140742,58.431965617239875,6.363138843707181,54.82714585995345,wheat
44.33426529752191,56.86082893690298,28.046757547602667,25.655762881999728,59.55524701552455,5.942159904885274,72.79723872845973,groundnut
46.32057722618137,27.151205060254284,37.76764314059161,26.928084819199555,44.10359335317878,6.2311792935439465,53.56329407184892,cotton
41.8149841441019,31.076882231172238,22.584315538819908,30.500205508900077,38.62433877375035,7.333590907056006,3.0214277188372862,millet
71.2173691678006,29.921069491953297,37.13388934381313,14.809320811695848,61.59708014329212,5.875518831124448,103.5714556119399,wheat
37.40234749952944,69.44343702093431,30.066097502789063,33.19212976879311,66.69688158791013,6.483680996994657,108.5015866525089,groundnut
77.82097769683648,49.91205310514429,39.105598488617446,16.743453768224885,77.8378547312764,5.872827833427801,121.52343308907462,wheat
68.81864797230544,47.56103889822662,18.220392339118867,15.317377944061569,57.895412604349175,6.2256589295293425,124.54268983444493,wheat
97.96708273309527,50.36559664400874,50.20147648563935,29.67008147322955,75.72058905534868,6.495969384218,201.307642003524,sugarcane
56.26652253296509,42.783329395705046,18.991653347414815,22.097007019423362,62.08457265548607,6.131796662625243,93.98612181022375,maize
117.95225063644186,51.0231033380886,39.25114623909298,26.845971424965093,79.68723873553743,6.989116944574296,168.18832589056842,sugarcane
21.871985006787977,39.056633856727714,34.44819918558543,24.724675753741792,38.715119194312585,6.248625745478112,19.344259910935904,pulses
39.9718626147417,28.92105659724068,54.83239969445404,26.113163935201676,48.36899869759783,7.32381025460576,96.80508801903657,cotton
39.53121082127396,64.72989437449208,43.479357436159574,24.666666428620704,62.890835362065665,6.883686157073785,82.69476087035106,groundnut
46.088354563088636,59.44393403577671,39.1399987645542,27.85735395504126,58.590375854154985,6.3239108326707605,86.7621184301266,groundnut
28.894276773734102,36.32576319331714,28.243972239888866,22.61391728436589,42.379907455251946,6.312052790875624,92.12183465813409,pulses
68.99861460128088,45.60012295470291,11.355049405239441,14.258047590917494,68.96672521122534,6.234149599974748,99.01479194142104,wheat
67.25102705768525,39.705605726339265,31.231392218324117,24.71721233724233,73.21135804321685,5.613181901843604,305.16988448113193,rice
34.98694752389974,20.89249786703287,20.593492872578665,33.019171432859245,63.29960000522517,6.146259400110613,54.730130266798675,millet
57.88453396919471,38.278009756986314,50.81198811994253,25.520970469513276,60.74180487000051,6.845348215210089,44.878904142639236,cotton
23.713933679217234,42.009579049496196,28.920856534240333,25.17342635049564,56.72581942536335,6.2975033401315095,78.72216606976609,pulses
66.63934349693783,50.79561142476477,45.24507375286086,20.51678314054208,85.49598365847444,7.021073992778357,226.87841329748238,rice
22.755144971331596,28.38039302597648,35.43158087145005,31.867323140278394,35.763184693826005,7.040914812209308,30.789691229883996,millet
59.445466251920855,34.67924070316451,37.73005627592653,35.15158311394562,54.47045893848991,6.636907691358227,70.5192422686701,cotton
31.307719790125667,31.112867459240455,14.368732716144603,27.97605534545303,40.28583312748803,6.861900530640098,54.84796395288061,millet
72.9753707302225,48.58604497856198,41.98445280074195,16.395565985344327,47.41977399998047,5.947220387454547,76.70306265143107,wheat
78.81817418588692,40.76701687955846,39.20281789093601,19.93799669812591,74.76443763788457,5.670920155058239,180.11012689594074,rice
80.58478414709126,35.43843803884642,33.50124538827445,25.83253474923256,61.52639653392892,6.616157390786468,139.3875602346792,maize
87.86351099207639,30.10832428702727,66.4873140353649,33.36024231315237,86.33736155148037,6.49707284589373,180.3095857343931,sugarcane
83.29969003240289,39.49371886943009,35.65226010318262,23.775693235305816,55.878345146790735,6.243438931669848,112.02666452242474,maize
66.94470196280764,34.926743522269525,27.11873574151339,15.417474964429289,79.65939273660713,7.2206967790988585,79.70626455788377,wheat
49.05641093768543,22.826853195670115,19.694144808168492,29.820436806912447,51.26014544537919,7.6767823342471155,55.522198327976106,millet
84.97291319931196,35.10461879968136,18.679537192686908,25.80313438703151,77.93529452344838,6.033857095928126,195.51612803760767,rice
97.93176716586646,50.74927078566226,72.47104331560872,23.438030672813177,76.5829181866041,6.675484385364487,155.35440218489194,sugarcane
28.702803532441514,64.84125059588084,25.60278370062847,20.030732642777533,59.79300348668139,6.221648548691386,61.458176201284346,pulses
37.84775612591472,27.63078174865996,22.050145315748985,28.852019217407396,34.365610216625605,6.973118528482754,46.93595768289052,millet
63.964868174109185,36.669196654986955,56.997297803441704,29.409182019205147,55.544807707501754,7.392181213572274,72.3036176630558,cotton
28.60486329417862,58.654863393338644,33.36983323284621,21.324007318869402,58.84793820102369,6.4475602199823525,67.94404420511482,pulses
99.78498993232134,59.73996337759486,54.45677772879564,23.01481438361067,89.86185220867908,6.358146505383021,160.10452706987886,sugarcane
42.59743922253087,47.14692407364267,53.88018399819101,22.02482110152394,70.92344218542877,5.993395751237323,79.97973534926768,groundnut
51.245387855921805,52.28770028928938,42.739730183400084,18.878801470491876,47.2888194865702,6.450476282268136,108.55072257448727,wheat
44.37690341981356,35.20747523316222,19.53856209732795,24.80212681475028,46.97148685118313,6.305357790220668,84.11313281189797,groundnut
87.49606175395155,41.451650830672165,58.91652304671823,28.843932144245468,85.53095050022834,6.7232700354900325,164.40121553813765,sugarcane
67.25707983318722,41.279634309503344,48.63263079247531,27.78276298350837,50.13306003276785,6.040825792599401,76.79283533426701,cotton
24.91518844473623,43.458498991305376,29.386585632227153,22.93272707519066,60.75523977672195,6.692135925165966,84.53965039726161,pulses
71.35274731653189,41.191129447278925,28.93743181704618,27.060538183275156,56.3241236961341,7.111531886848413,88.20202989879543,cotton
41.94414049078554,23.116345271512888,14.202887767565375,25.590427451678593,46.79114165654446,7.70672048011268,53.04749715111557,millet
95.32378136643172,58.67876100065112,40.9625202653736,25.375272414617168,90.26893949085988,6.349567814571043,171.64606969277827,sugarcane
57.37735272521903,48.55715621479745,25.266252652908744,20.526380877412898,52.657971700659886,7.623827588038557,78.71538872589012,wheat
78.31050936300338,55.65980230787643,41.570485674453444,24.524095488883937,76.82173123587094,5.530126822118257,200.54768363706677,rice
49.748208055558244,43.13581638590285,49.663287721704165,24.04922477910116,64.666102603844,7.693637232319093,90.03667939098816,cotton
59.64177205186868,62.9350996845937,24.199207054988634,22.81268731405504,59.7336420838645,6.035226237447965,73.06814539976806,wheat
21.224389843627193,63.19340920174441,31.309435536948172,30.479904686377267,72.56506077764577,6.30069858694713,88.7794528083637,groundnut
99.31522493637546,44.95272946068598,31.16504251475108,25.17968933095448,58.104141157493004,6.642884141422645,76.63867236922397,maize
21.20023027804307,27.676826963438717,26.90503849491235,31.09166101146472,49.6786210964769,6.694161943830469,22.079153671684672,millet
99.70286307507733,42.811731656434795,24.419542347229537,21.40218034850314,51.82002960762049,6.416293271146729,99.36237358245926,maize
43.0348713573369,34.16519238854353,26.87594184987536,26.244443363460267,42.887392240065104,6.4346982226552445,45.98731217127113,millet
70.978929826238,48.97033300015491,45.55582088650125,23.133496899237226,86.937025725232,6.663003103208454,277.45207026253166,rice
33.257501822259115,30.990807427737998,19.735489177353216,29.026209312308954,39.331908105448655,6.620032102819224,76.1347076929435,millet
18.753271195644363,36.80619783121566,27.83803447544408,19.314229352264462,49.61142808960584,6.633803922147654,50.84272794801656,pulses
86.45641327913901,34.65691948325601,42.352761115882636,20.72879669380282,84.23161073771531,5.8773604382770515,168.69461398957912,rice
97.39610964839886,42.79241553933562,40.950277055228504,24.1678180503972,68.96896566471028,6.4465331734600175,101.35143625618043,maize
63.30519528587595,47.89528381973992,40.095378393062894,29.185428457095178,33.00451691169155,6.7844283198060635,63.73915428147589,cotton
90.21542689813747,37.92735470048537,49.68997870275858,23.914502388746975,79.55124908549395,6.563440543956845,221.2434235108461,rice
29.156269928728385,52.200721737971456,33.15107850375516,30.887594044426674,58.150894773799614,6.470707871290362,70.33538584069079,groundnut
31.44904105421564,43.93762837647473,25.83291898158137,25.778323251345633,67.14198831958997,6.783873053723579,87.2091642955778,pulses
28.572321123872815,42.90538245491403,29.02709747414831,17.92566770689444,41.21518117528539,6.508816434972974,52.898139197339226,pulses
39.233324002857145,14.75147376752005,19.11970021922848,31.84075654803413,34.308719297184155,7.149317933625923,51.33518380518534,millet
25.36585925460199,57.16762986712851,23.075593642474747,18.571469680064396,45.070262032195465,6.146155620786275,40.110771900291006,pulses
